id,name,kana,age,birth_date,sex,blood_type,email,phone,mobile,zip_code,address,company,credit_card,expired,mynumber
3,前田 淳,まえだ じゅん,22,1999-7-10,男,A,maedajun@example.org,03-8031-3715,050-3436-8901,208-8888,東京都足立区綾瀬2-2-7,旭産業株式会社,371050000000000 ,6月25日,201540000000
4,尾崎 憲作,おざき けんさく,33,1988-5-22,男,B,kensakuozaki@example.co.jp,0742-43-7019,090-7631-1042,639-9405,奈良県奈良市松陽台1-4-709,,5132070000000000 ,4月23日,773761000000
5,木内 雄哉,きうち ゆうや,71,1949-10-19,男,B,kiuchi1019@example.org,0567-55-8045,070-8050-3849,474-5244,愛知県名古屋市南区六条町2丁目3番4号,,375242000000000 ,6月23日,062453229330
6,中川 拓也,なかがわ たくや,65,1956-7-30,男,A,nakagawa730@example.jp,03-0156-9202,090-3223-1867,127-3168,東京都八王子市台町2丁目3番10号,,5241630000000000 ,4月24日,156657000000
7,浅井 秀信,あさい ひでのぶ,26,1995-4-24,男,B,asai_hidenobu@example.ne.jp,0892-69-1194,070-1034-3179,798-0797,愛媛県今治市小泉3丁目3番9号,有限会社栄光,4194220000000000 ,3月25日,446781000000
8,青柳 雄士,あおやぎ たけし,72,1949-6-28,男,O,aoyagiyuji@example.net,042-732-0841,050-1765-3910,340-3865,埼玉県さいたま市南区文蔵2丁目1番3号,,372699000000000 ,3月23日,779799000000
9,渡部 史,わたなべ ふみ,25,1996-5-20,女,A,fumiwatanabe@example.ne.jp,0847-47-9652,080-9685-2646,723-0066,広島県福山市南手城町1丁目3番地9号,有限会社キャロット,3530140000000000 ,6月22日,508566000000
10,貞包 一徳,さだかね かずのり,68,1953-4-9,男,A,kazunori_sadakane@example.org,0480-65-1743,050-5689-2890,343-0907,埼玉県上尾市浅間台2丁目1番7号,,5315950000000000 ,11月24日,148084000000
11,山内 信司,やまうち しんじ,72,1949-8-17,男,A,yamauchi817@example.ne.jp,0794-41-3597,090-3346-1754,668-3357,兵庫県川西市清和台東2-4-17,,5149580000000000 ,1月26日,638263000000
12,原田 伸樹,はらだ のぶき,37,1984-6-14,男,A,nobuki_harada@example.jp,03-9053-9247,080-6622-0519,116-1400,東京都品川区小山2-1-1203,,5483260000000000 ,7月24日,189304000000
13,小田切 怜美,おだぎり れみ,36,1984-11-10,女,O,satomi_odagiri@example.co.jp,048-543-1912,070-2236-8564,331-7491,埼玉県越谷市東越谷1-2-15,有限会社ユアーズ,5382720000000000 ,8月26日,335309000000
14,山下 仁志,やました ひとし,42,1979-8-25,男,B,yamashita825@example.co.jp,0224-91-2542,050-7873-6253,983-4593,宮城県仙台市宮城野区榴岡3-4-4,株式会社トップス,373085000000000 ,10月23日,173678000000
15,松原 裕也,まつばら ゆうや,54,1966-11-1,男,O,yuyamatsubara@example.ne.jp,03-6549-1471,050-5341-5899,185-3544,東京都墨田区東向島1丁目2番7号,株式会社吉祥,4784890000000000 ,9月26日,404103000000
16,山鹿 麻弥,やまが まや,32,1989-3-7,女,A,mayayamaga@example.jp,03-5614-0604,090-8814-3053,107-2574,東京都武蔵村山市本町3丁目2番7号,有限会社フリーダム,4839240000000000 ,12月22日,757412000000
17,鹿島 卓哉,かしま たくや,45,1976-9-19,男,O,takuyakashima@example.jp,03-8423-8282,050-7651-6563,201-0068,東京都大田区蒲田4丁目1番地10号,株式会社マルワ,4743260000000000 ,3月22日,074618805402
18,八重樫 由枝,やえがし よしえ,42,1979-8-24,女,A,yaegashi_yoshie@example.net,03-7538-4545,080-4863-0850,181-7662,東京都江戸川区北葛西2丁目2番10号,有限会社サトウ,373096000000000 ,3月22日,718989000000
19,谷川 久美子,たにがわ くみこ,52,1969-9-9,女,A,kumikotanigawa@example.jp,045-528-1454,090-2190-4089,257-0849,神奈川県横浜市港北区綱島東2丁目2番6号,有限会社フェニックス,3571380000000000 ,8月22日,654734000000
20,岩堀 俊文,いわほり としふみ,59,1961-10-29,男,B,iwahoritoshifumi@example.co.jp,03-9937-7427,050-6193-7183,122-1236,東京都港区西麻布1-1-104,有限会社清水工務店,3536670000000000 ,9月23日,347981000000
21,丸尾 正則,まるお まさのり,36,1985-10-7,男,B,maruo107@example.net,0178-56-6795,090-0728-5390,036-7677,青森県青森市西大野3-2-16,有限会社清水商店,4069590000000000 ,7月22日,734962000000
22,松村 輝子,まつむら てるこ,35,1985-11-1,女,A,matsumura111@example.jp,0568-02-2161,070-0628-9369,477-8403,愛知県名古屋市中区栄1-5-12,有限会社三和工業,5544940000000000 ,2月25日,805113000000
23,加藤 みゆき,かとう みゆき,74,1947-8-29,女,A,miyukikato@example.jp,06-3202-6728,070-1055-6059,597-1834,大阪府大阪市淀川区宮原1-4-304,,3581100000000000 ,11月24日,160580000000
24,後藤 隆,ごとう たかし,27,1994-8-20,男,A,gototakashi@example.jp,0176-10-0548,070-3155-9051,039-3145,青森県弘前市大字茂森新町1-4-201,,5133220000000000 ,8月25日,151204000000
25,山本 孝則,やまもと たかのり,61,1960-7-14,男,AB,takanori_yamamoto@example.jp,0470-23-4063,080-3434-5767,294-2350,千葉県松戸市五香2丁目1番9号,,5468630000000000 ,12月21日,155141000000
26,石橋 正臣,いしばし まさおみ,54,1967-3-22,男,B,masaomi_ishibashi@example.co.jp,03-2953-8708,080-6336-7662,161-2615,東京都練馬区向山1丁目2番地10号,株式会社東邦,379780000000000 ,12月22日,157365000000
27,上村 大介,うえむら だいすけ,37,1984-8-16,男,A,uemura816@example.jp,0994-70-5098,090-0365-7645,895-0267,鹿児島県鹿児島市武岡2-4-1205,株式会社シンコー,376928000000000 ,2月22日,149587000000
28,古屋 理紗,ふるや ありさ,44,1976-11-11,女,O,furuya_1111@example.net,0949-59-3532,050-9687-2915,801-4378,福岡県糟屋郡志免町志免中央3丁目3番地3号,有限会社ペガサス,371392000000000 ,5月23日,847925000000
29,真木 知治,まき ともはる,67,1954-7-15,その他・不明,O,tomoharu_maki@example.net,03-2715-5395,080-1236-1811,127-2316,東京都品川区二葉1-5-3,,375160000000000 ,8月23日,675495000000
30,辻本 有希子,つじもと ゆきこ,40,1981-9-15,女,A,tsujimotoyukiko@example.ne.jp,03-2028-5362,070-9427-7409,140-5705,東京都品川区東大井4丁目2番3号,有限会社ニシムラ,3563910000000000 ,3月22日,801609000000
31,石合 聡美,いしあい さとみ,64,1957-1-8,女,AB,ishiai_18@example.ne.jp,03-6630-6389,050-0266-1052,145-8332,東京都目黒区上目黒1丁目1番6号,,3567440000000000 ,2月24日,978618000000
32,花城 祐二,はなしろ ゆうじ,79,1942-4-7,男,O,yujihanashiro@example.com,03-8811-1117,050-4615-1227,129-6466,東京都江戸川区南篠崎町2丁目3番4号,,4858950000000000 ,4月22日,353223000000
33,大内 一,おおうち かず,30,1991-4-5,男,O,ouchi_hajime@example.co.jp,078-139-6063,070-2795-6906,657-0650,兵庫県神戸市東灘区魚崎中町3-5-408,有限会社アクア,4628690000000000 ,5月25日,888555000000
34,古藤 佳紀,ことう よしのり,54,1966-10-23,男,A,yoshinori_koto@example.com,03-8343-6127,050-7659-1062,154-8335,東京都葛飾区立石2-2-506,有限会社加藤商会,376384000000000 ,11月21日,645747000000
35,藤巻 優,ふじまき ゆう,70,1950-10-30,男,B,fujimaki_1030@example.org,06-9028-0189,050-1082-8918,575-8936,大阪府大阪市中央区北久宝寺町4丁目1番8号,,376913000000000 ,3月24日,136973000000
36,甲斐 直樹,かい なおき,42,1979-1-12,男,O,kainaoki@example.co.jp,03-9914-9803,080-0814-2050,107-8309,東京都港区西麻布2-5-902,株式会社ブレイクスルー,5519500000000000 ,5月22日,025847469652
37,佐々木 秀男,ささき ひでお,70,1951-9-19,男,A,sasaki_919@example.co.jp,03-3144-5391,090-5735-3081,155-4025,東京都新宿区新宿3-5-3,,4755920000000000 ,11月24日,255456000000
38,遠藤 裕基,えんどう ゆうき,22,1998-12-30,男,O,endo1230@example.org,03-0306-6528,080-0422-9075,100-6817,東京都目黒区下目黒3-2-507,株式会社ジール,5402560000000000 ,2月23日,949027000000
39,横山 知紘,よこやま ともひろ,60,1961-9-4,男,O,yokoyama_tomohiro@example.jp,0465-52-4870,080-0708-4970,252-8856,神奈川県横浜市鶴見区鶴見中央1-1-6,,376948000000000 ,2月26日,212138000000
40,稲田 真紀,いなだ まき,48,1973-3-4,女,A,inadamaki@example.com,03-9124-4660,050-5256-0968,142-3343,東京都墨田区立川3-1-1109,株式会社クルーズ,4487360000000000 ,4月26日,924853000000
41,寺澤 順子,てらさわ じゅんこ,63,1958-4-16,女,A,junko_terasawa@example.ne.jp,03-6325-2897,050-5149-3238,209-8483,東京都港区六本木2-5-4,,4191190000000000 ,5月23日,269830000000
42,高橋 啓吾,たかはし けいご,60,1961-6-3,男,A,takahashi63@example.jp,03-3479-8993,080-9375-5610,100-1221,東京都葛飾区白鳥2-3-6,,5191990000000000 ,11月21日,497999000000
43,高山 明,たかやま あきら,66,1955-9-29,男,A,akiratakayama@example.net,03-3447-7265,070-3743-3575,124-3215,東京都新宿区四谷3丁目3番9号,,3556360000000000 ,11月23日,921840000000
44,上田 圭一郎,うえだ けいいちろう,41,1979-12-5,男,A,uedakeiichiro@example.co.jp,0738-53-0444,090-2215-7683,646-4119,和歌山県和歌山市舟津町3-1-8,有限会社新栄,371926000000000 ,11月24日,647879000000
45,太田 和子,おおた かずこ,28,1993-3-2,女,O,kazuko_ota@example.com,06-8956-0897,070-3616-5326,577-1496,大阪府藤井寺市沢田1丁目1番8号,有限会社イーグル,372330000000000 ,3月26日,161242000000
46,松本 恵子,まつもと けいこ,54,1966-10-27,女,A,keiko_matsumoto@example.ne.jp,0155-31-3474,080-8326-8127,054-8924,北海道小樽市稲穂1-1-22,小林商事株式会社,376477000000000 ,6月24日,623370000000
47,中村 広一,なかむら こういち,71,1950-9-25,男,B,hirokazunakamura@example.co.jp,0578-72-4025,090-3017-0140,502-4851,岐阜県大垣市郭町2丁目1番地9号,,4892390000000000 ,4月26日,870831000000
48,田中 豊,たなか ゆたか,53,1967-11-21,男,A,tanakayutaka@example.net,03-6095-0001,070-4545-9222,204-9957,東京都町田市南成瀬3-2-16,有限会社三晃,4517620000000000 ,12月21日,456932000000
49,佐藤 眞由美,さとう まゆみ,72,1949-7-2,女,O,mayumisato@example.jp,06-2443-1440,080-6480-7629,571-6767,大阪府泉南市男里3-2-12,,3566300000000000 ,9月24日,479094000000
50,本間 朗,ほんま ろう,31,1990-8-8,男,A,honma88@example.jp,055-722-2409,050-5263-0669,401-7135,山梨県甲府市里吉3-1-6,株式会社トータルサービス,5276250000000000 ,6月24日,724324000000
51,徳井 拓,とくい たく,75,1946-6-30,男,O,taku_tokui@example.co.jp,03-3288-3323,070-9901-8196,147-2396,東京都三鷹市下連雀3-3-17,,5405870000000000 ,4月23日,712631000000
52,福田 栄作,ふくだ えいさく,31,1990-2-6,男,B,fukuda_eisaku@example.net,06-2285-0220,050-4685-5574,552-4146,大阪府高槻市富田町3丁目2番5号,株式会社ニューテック,5504320000000000 ,2月25日,581961000000
53,牧野 泰治,まきの やすはる,64,1957-7-26,男,AB,makino_726@example.com,03-6904-6915,090-8180-3871,189-9853,東京都江戸川区松島2-5-21,,4317430000000000 ,1月25日,679557000000
54,松本 浩太,まつもと こうた,34,1987-5-17,男,B,matsumoto_517@example.com,03-3585-0189,050-7175-0454,169-7237,東京都千代田区九段南3-4-16,株式会社日新,4272640000000000 ,3月23日,295510000000
55,佐藤 翔,さとう しょう,69,1952-9-13,男,A,sato_913@example.co.jp,0476-07-2581,070-8217-8856,271-9301,千葉県木更津市東太田3-3-7,,3583310000000000 ,1月24日,184955000000
56,池田 由記子,いけだ ゆきこ,28,1993-7-29,女,A,ikeda_729@example.jp,0790-84-1912,050-6866-5686,656-0670,兵庫県尼崎市立花町3-1-8,有限会社コスモテック,376094000000000 ,8月22日,797875000000
57,大門 しのぶ,だいもん しのぶ,58,1962-11-5,女,B,daimonshinobu@example.jp,048-070-8971,070-7247-6883,341-1755,埼玉県朝霞市三原1丁目1番地9号,株式会社興和,5409840000000000 ,1月26日,603654000000
58,酒井 友彦,さかい ともひこ,52,1969-4-8,男,A,sakai48@example.jp,03-4914-8445,080-1589-9518,181-8794,東京都豊島区東池袋4丁目3番6号,株式会社T＆M,4648610000000000 ,12月24日,387378000000
59,櫻井 順也,さくらい じゅんや,64,1957-4-9,男,O,sakurai49@example.ne.jp,0883-92-0514,050-9686-9267,778-2742,徳島県徳島市南田宮1丁目3番10号,,3573960000000000 ,4月22日,685617000000
60,山崎 倫太郎,やまざき りんたろう,49,1972-10-8,男,AB,yamazakirintaro@example.ne.jp,03-0376-3232,080-8940-0840,173-1949,東京都世田谷区砧2-1-17,有限会社鈴木工業所,372160000000000 ,10月26日,063641932517
61,中坪 一穂,なかつぼ いつほ,41,1980-1-28,男,O,nakatsubokazuho@example.co.jp,0143-33-7365,090-8087-2638,095-4329,北海道札幌市西区西野五条1丁目3番地8号,有限会社サンキ,3583120000000000 ,10月23日,097983040474
62,藤本 功,ふじもと いさお,50,1971-2-3,男,A,fujimoto_23@example.com,06-4341-1189,080-2515-1328,532-6945,大阪府大阪市都島区都島本通1-4-206,株式会社高橋工業,4102680000000000 ,11月25日,765916000000
63,大久保 加奈子,おおくぼ かなこ,41,1980-2-18,女,B,okubo218@example.com,03-2188-0965,080-3365-2098,182-9591,東京都荒川区東日暮里2丁目3番7号,株式会社フルハウス,3582250000000000 ,10月25日,634037000000
64,木原 貴大,きはら たかひろ,79,1942-2-13,男,B,takahiro_kihara@example.com,0568-19-3545,090-0388-4741,466-3208,愛知県名古屋市南区鯛取通2-1-401,,3528050000000000 ,10月23日,080731588671
65,中村 映子,なかむら えいこ,43,1978-7-15,女,O,eikonakamura@example.net,0241-24-9523,080-7639-3947,964-5695,福島県郡山市安積町日出山1丁目3番6号,有限会社トリニティ,3584950000000000 ,11月21日,322918000000
66,紺谷 昂,こんたに たかし,72,1949-3-5,男,O,kontani35@example.jp,042-759-4384,080-9037-6504,359-2195,埼玉県川口市上青木西2-3-306,,3560050000000000 ,11月23日,422086000000
67,黒崎 武,くろさき たける,39,1982-5-15,男,B,kurosaki_takeshi@example.jp,01634-0-9194,090-7936-3192,042-9268,北海道札幌市手稲区前田九条1-1-21,株式会社セカンドステージ,377715000000000 ,3月22日,815940000000
68,佐藤 祐輝,さとう ゆうき,50,1971-1-5,男,AB,satoyuki@example.org,09496-6-2906,050-0343-7427,805-4602,福岡県福岡市早良区西新1-4-401,有限会社ライフ,374185000000000 ,9月23日,635239000000
69,渡邉 美奈子,わたなべ みなこ,23,1998-10-5,女,O,minako_watanabe@example.co.jp,0892-61-3011,050-7230-3131,792-3037,愛媛県松山市余戸中3-1-6,株式会社LINK,5251510000000000 ,1月24日,681168000000
70,外間 由香,ほかま ゆか,79,1942-9-25,女,AB,hokama_yuka@example.ne.jp,0475-99-4926,070-7577-7348,273-3255,千葉県松戸市六高台1丁目3番9号,,4486270000000000 ,1月24日,126430000000
71,石井 孝彰,いしい たかあき,23,1998-7-20,男,A,ishii720@example.com,0576-45-3945,070-1568-5336,502-2766,岐阜県岐阜市茶屋新田4丁目3番地5号,株式会社シナジー,4918960000000000 ,4月23日,256607000000
72,鈴木 一光,すずき かずみつ,71,1950-5-21,男,B,suzuki521@example.jp,03-2262-1773,050-9492-2020,188-3199,東京都台東区元浅草1丁目3番地6号,,3564790000000000 ,5月23日,195502000000
73,松井 恵梨,まつい えり,57,1963-11-14,女,A,erimatsui@example.co.jp,0796-39-4930,070-6856-7541,657-4542,兵庫県神戸市中央区加納町1-4-9,株式会社トラスト,5524100000000000 ,10月22日,050233559650
74,竹内 悠,たけうち ひさし,26,1995-7-21,男,O,takeuchi_yu@example.ne.jp,0135-78-4410,050-3395-5183,057-7094,北海道札幌市東区本町一条2-2-5,有限会社佐々木工務店,377328000000000 ,2月24日,655235000000
75,岡田 拓也,おかだ たくや,58,1963-6-25,男,O,okada_625@example.net,06-2208-2156,090-3728-7436,585-3514,大阪府大阪市阿倍野区昭和町3-1-3,株式会社AOI,4396540000000000 ,1月23日,985589000000
76,照井 綾香,てるい あやか,55,1966-6-26,女,A,ayaka_terui@example.net,0562-08-6403,090-7745-8159,486-2963,愛知県名古屋市千種区末盛通1-3-1109,株式会社ニシムラ,378694000000000 ,10月24日,317561000000
77,米倉 剛,よねくら つよし,78,1943-1-15,男,A,yonekura_tsuyoshi@example.co.jp,045-785-4224,050-1087-4581,259-0705,神奈川県川崎市多摩区長沢2-1-4,,4411240000000000 ,10月26日,842203000000
78,宮下 拓也,みやした たくや,54,1967-5-15,男,O,miyashita_515@example.net,04-0446-5723,080-6712-2532,295-4038,千葉県船橋市高根台3丁目1番7号,株式会社ペガサス,4899830000000000 ,3月23日,223963000000
79,梶田 亜希,かじた あき,32,1989-8-13,女,A,kajita_813@example.jp,0179-92-4268,090-2033-9921,033-9957,青森県八戸市沼館3丁目3番8号,株式会社アドバンテージ,5536070000000000 ,5月23日,674611000000
80,大西 正代,おおにし まさよ,37,1984-7-29,女,B,onishi_masayo@example.ne.jp,0893-28-4645,090-0038-5316,794-1438,愛媛県今治市喜田村3-3-7,株式会社ユタカ,370907000000000 ,4月23日,770184000000
81,大友 由紀子,おおとも ゆきこ,57,1964-6-2,女,B,otomoyukiko@example.org,06-9161-2423,070-3359-1497,536-7609,大阪府大阪市淀川区塚本1-1-8,株式会社シャイン,377057000000000 ,6月24日,855739000000
82,滝口 裕佳,たきぐち ゆか,54,1967-10-17,女,A,takiguchi_yuka@example.jp,0567-66-0662,050-8288-4947,472-9954,愛知県碧南市栄町1-4-9,株式会社オリオン,3568090000000000 ,8月25日,074903584843
83,宮川 拓朗,みやがわ たくろう,26,1995-3-4,男,O,takuro_miyagawa@example.co.jp,0561-49-3683,050-8379-5094,474-7850,愛知県名古屋市南区大同町2-4-17,有限会社岡田商店,4203800000000000 ,8月22日,334078000000
84,三原 大地,みはら だいち,27,1994-3-2,男,B,daichimihara@example.ne.jp,0586-52-6297,070-9923-7713,489-2206,愛知県名古屋市中区栄2-1-9,株式会社オリオン,5298330000000000 ,5月26日,887125000000
85,高野 秀樹,たかの ひでき,38,1983-1-13,男,AB,takano_113@example.co.jp,0544-92-4546,080-7795-1435,419-9881,静岡県静岡市駿河区登呂2丁目3番地10号,株式会社テックス,375590000000000 ,5月24日,605901000000
86,北島 純子,きたじま じゅんこ,23,1998-7-5,女,A,kitajima_junko@example.com,03-1425-4230,080-7627-6902,180-8187,東京都渋谷区神宮前2-5-15,株式会社カイト,370827000000000 ,10月21日,016382520266
87,露木 はるみ,つゆき はるみ,44,1977-2-4,女,O,harumi_tsuyuki@example.ne.jp,03-2935-0074,080-1647-2028,152-1067,東京都品川区北品川3-1-1108,株式会社メビウス,4134160000000000 ,2月24日,321753000000
88,志田 基文,しだ もとふみ,55,1966-5-31,男,O,shidamotofumi@example.co.jp,03-8023-4667,070-2926-3663,100-7277,東京都葛飾区南水元2-2-14,株式会社エスト,5305940000000000 ,5月25日,271350000000
89,田川 美恵,たがわ みえ,67,1954-6-24,女,A,tagawamie@example.ne.jp,011-581-6069,080-4330-4248,048-7338,北海道札幌市白石区北郷四条2-1-17,,378615000000000 ,6月25日,479847000000
90,中村 あゆみ,なかむら あゆみ,44,1976-10-24,女,O,ayumi_nakamura@example.co.jp,03-7985-8703,080-6865-0679,165-9802,東京都中野区大和町4丁目2番6号,株式会社ライトスタッフ,3576020000000000 ,10月24日,537829000000
91,遠藤 美香,えんどう みか,26,1995-4-1,女,O,endomika@example.com,0846-40-5532,080-5491-7592,733-0513,広島県福山市南手城町1丁目1番地8号,株式会社アイテム,377236000000000 ,4月23日,588903000000
92,山本 尊子,やまもと たかこ,72,1949-4-26,女,A,yamamototakako@example.ne.jp,079-391-2374,090-7919-7459,660-6735,兵庫県高砂市松陽3-3-1205,,3585730000000000 ,2月22日,921985000000
93,佐藤 英之,さとう ひでゆき,46,1975-10-10,男,AB,hideyukisato@example.co.jp,0569-83-1758,080-4175-1308,444-5505,愛知県半田市栄町1-5-808,有限会社アスカ,5156600000000000 ,11月22日,218079000000
94,伊藤 光太郎,いとう みつたろう,26,1994-11-12,男,AB,ito_kotaro@example.net,0166-82-6848,080-7975-7134,085-8614,北海道札幌市中央区北二条西1丁目2番7号,有限会社ヒロコーポレーション,4676450000000000 ,12月23日,673195000000
95,山脇 和則,やまわき かずのり,28,1992-12-23,男,O,kazunoriyamawaki@example.jp,0895-55-0985,080-5693-4575,792-8002,愛媛県松山市石手1-2-9,有限会社コトブキ,5121760000000000 ,7月25日,726874000000
96,阿賀 哲子,あが さとこ,43,1978-7-27,女,B,agatetsuko@example.net,03-4081-1656,070-0100-3205,100-1617,東京都練馬区南大泉4丁目1番地5号,株式会社カイト,4360170000000000 ,7月25日,404035000000
97,小島 弘人,こじま ひろと,24,1997-7-18,男,O,kojima_hiroto@example.jp,03-8172-8677,090-6866-8543,147-7393,東京都港区南青山3-5-305,株式会社エコー,378424000000000 ,10月21日,091219944670
98,谷口 由子,たにぐち ゆうこ,26,1994-12-22,女,A,yukotaniguchi@example.ne.jp,0225-74-0105,090-3485-1967,987-5343,宮城県仙台市宮城野区東仙台3丁目1番地9号,株式会社木村組,3589580000000000 ,3月23日,552394000000
99,山坂 誠一,やまさか せいいち,71,1949-11-1,男,O,yamasaka_seiichi@example.co.jp,0480-08-5503,050-1581-3499,369-2365,埼玉県新座市栗原4丁目1番地5号,,373631000000000 ,9月26日,451399000000
100,中岡 卓也,なかおか たくや,50,1971-3-12,男,AB,takuyanakaoka@example.net,03-3053-9328,050-9273-1187,149-1711,東京都北区東十条2-3-805,有限会社ダイシン,4045150000000000 ,7月26日,610275000000
101,池 直樹,いけ なおき,30,1990-11-18,男,O,ike_1118@example.net,08396-9-6850,090-6349-7753,751-1228,山口県山口市小郡新町2丁目2番地10号,株式会社昭栄,5388750000000000 ,8月22日,524019000000
102,村田 知史,むらた ともふみ,74,1947-8-9,男,B,murata_satoshi@example.co.jp,049-138-9388,090-5699-6943,342-5894,埼玉県川口市青木3丁目1番5号,,4576120000000000 ,4月26日,062533388685
103,辻 正樹,つじ まさき,49,1972-2-4,男,O,tsujimasaki@example.com,0594-91-5036,050-4905-2523,519-6503,三重県鈴鹿市住吉1-4-7,株式会社アドバンテージ,378338000000000 ,3月24日,130720000000
104,吉野 彰一,よしの しょういち,69,1951-10-21,男,B,yoshino_shoichi@example.co.jp,03-0409-8052,090-2459-0086,161-8622,東京都杉並区高円寺南2丁目2番5号,,5249470000000000 ,8月23日,426903000000
105,関口 一,せきぐち かず,39,1982-3-12,男,A,sekiguchi_312@example.net,0173-89-4133,090-6061-1089,034-9410,青森県青森市長島1-4-20,株式会社イノウエ,375908000000000 ,9月25日,824120000000
106,井上 良,いのうえ りょう,28,1993-8-13,男,A,inoue_813@example.net,0790-12-0390,050-8278-3769,672-0381,兵庫県神戸市長田区庄田町3丁目3番5号,有限会社サンケン,5466730000000000 ,9月26日,820096000000
107,佐藤 裕司,さとう ゆうじ,25,1996-8-15,男,A,yujisato@example.com,06-4544-7723,050-9531-9826,592-7472,大阪府大阪市中央区難波3-1-3,株式会社エイコー,3576420000000000 ,12月21日,488953000000
108,下田 友希,しもだ ゆき,52,1969-4-24,女,A,shimoda424@example.com,0466-79-2043,070-9621-0170,232-7342,神奈川県横浜市磯子区洋光台1-3-18,株式会社モア,3532190000000000 ,1月22日,127953000000
109,村本 尚樹,むらもと なおき,62,1959-6-12,男,B,muramoto612@example.jp,0965-43-2907,080-1103-3404,865-7648,熊本県熊本市中央区南熊本2-4-3,,5458590000000000 ,8月24日,200931000000
110,今井 優子,いまい ゆうこ,52,1969-1-3,女,A,imai13@example.jp,03-0246-3785,070-4661-2289,130-6230,東京都目黒区八雲3-1-14,有限会社成和,376323000000000 ,10月22日,470236000000
111,宮田 健二,みやた けんじ,72,1949-9-15,男,A,miyata915@example.ne.jp,03-0942-4758,090-3951-5427,207-2025,東京都杉並区高円寺南2丁目2番地9号,,3529460000000000 ,9月23日,883796000000
112,大熊 哲也,おおくま てつや,22,1999-9-3,男,A,tetsuya_okuma@example.jp,0763-11-9836,070-4920-5533,935-4339,富山県富山市蓮町3丁目2番地9号,株式会社タカミ,5103830000000000 ,1月23日,668592000000
113,林 進也,はやし しんや,49,1972-6-14,男,B,hayashi_shinya@example.jp,0438-43-0204,070-0283-2909,276-3512,千葉県松戸市六実4丁目1番7号,有限会社プログレス,3554220000000000 ,4月22日,443011000000
114,池田 由紀子,いけだ ゆきこ,68,1952-12-6,その他・不明,B,ikeda_yukiko@example.ne.jp,03-7879-4983,070-4012-6097,189-2048,東京都港区高輪3-3-8,,376702000000000 ,6月26日,472271000000
115,関 めぐみ,せき めぐみ,33,1987-11-29,女,AB,megumi_seki@example.net,0749-93-0261,070-0282-6431,520-1071,滋賀県栗東市小柿3-5-18,有限会社フィール,3575290000000000 ,7月25日,089084835499
116,田中 正子,たなか まさこ,80,1941-3-10,女,O,tanakamasako@example.co.jp,06-6144-9374,080-5962-1007,546-2084,大阪府大阪市中央区道修町4丁目2番8号,,378976000000000 ,7月26日,641004000000
117,藤森 広明,ふじもり ひろあき,46,1975-9-27,男,B,fujimorihiroaki@example.jp,0948-99-1314,050-0862-9533,805-6109,福岡県福岡市早良区西新2丁目3番3号,有限会社ノーブル,371456000000000 ,2月24日,588919000000
118,杉山 由紀,すぎやま ゆき,25,1996-6-24,女,B,sugiyamayuki@example.com,047-884-7662,090-0954-7972,293-5611,千葉県船橋市三山2丁目1番10号,有限会社中野商店,3571900000000000 ,5月23日,253194000000
119,河本 哲弘,かわもと あきひろ,71,1950-8-22,男,AB,kawamoto_tetsuhiro@example.com,03-2653-0686,070-1307-0195,110-3615,東京都杉並区阿佐谷北1-4-5,,4704840000000000 ,6月23日,260306000000
120,永井 舞,ながい まい,79,1942-5-3,女,O,nagai_mai@example.org,03-7753-5963,080-2867-2524,115-6681,東京都足立区足立2-4-4,,3558640000000000 ,7月25日,227011000000
121,福田 礼子,ふくだ れいこ,49,1972-4-18,女,A,fukuda_418@example.co.jp,03-1152-5221,090-3288-3114,146-3176,東京都世田谷区玉川1-1-19,有限会社コバヤシ,4637780000000000 ,10月25日,607474000000
122,浜野 清,はまの きよし,42,1979-4-23,女,O,hamano_423@example.com,03-3181-7036,050-7412-7502,179-9789,東京都足立区六木3-4-19,株式会社大商,4556280000000000 ,7月26日,908375000000
123,鯨井 愛子,くじらい あいこ,22,1999-1-30,その他・不明,B,aikokujirai@example.org,0463-55-6777,090-4905-3843,248-6303,神奈川県三浦市三崎3丁目2番4号,株式会社ライズ,4050980000000000 ,2月23日,569547000000
124,森 京子,もり きょうこ,74,1947-1-25,女,B,kyoko_mori@example.org,0566-61-4598,090-7916-0231,457-0425,愛知県名古屋市西区中小田井2-1-16,,4940850000000000 ,4月25日,681943000000
125,吉田 和央,よしだ かずひろ,48,1973-4-30,男,O,kazuoyoshida@example.ne.jp,0476-51-1659,070-5564-3643,269-7521,千葉県柏市あけぼの2丁目2番6号,有限会社フタバ,4343910000000000 ,9月25日,008876125480
126,徳永 昭治,とくなが しょうじ,38,1983-2-12,男,AB,tokunaga_shoji@example.ne.jp,083-380-1418,090-6456-7366,750-4418,山口県宇部市西平原1丁目3番4号,有限会社ランドマーク,5320080000000000 ,10月25日,928600000000
127,山田 亮平,やまだ りょうへい,68,1953-8-19,男,A,yamadaryohei@example.ne.jp,06-2874-0654,070-9376-8515,586-4951,大阪府大阪市東住吉区住道矢田1丁目3番7号,,4319380000000000 ,3月25日,127437000000
128,波多野 功二,はたの こうじ,72,1949-4-11,男,O,hatano411@example.co.jp,0940-20-8998,070-9841-8937,836-5116,福岡県福岡市早良区小田部2-3-306,,5139440000000000 ,12月23日,610262000000
129,足立 智,あだち とも,61,1960-6-6,男,AB,adachisatoshi@example.com,0297-09-5100,090-3291-0787,309-2572,茨城県神栖市土合西1-1-18,,4189900000000000 ,6月24日,652823000000
130,三浦 茂生,みうら しげお,58,1963-3-26,男,A,shigeo_miura@example.org,0438-22-3201,080-5135-9973,299-3472,千葉県柏市北柏3-1-807,有限会社プログレス,5144020000000000 ,12月24日,222608000000
131,日吉 元気,ひよし げんき,37,1984-6-12,男,B,hiyoshi612@example.ne.jp,0467-27-7367,080-3245-0710,250-6252,神奈川県横浜市青葉区あざみ野南1-3-108,有限会社ナカヤ,370359000000000 ,11月23日,069900293267
132,江見 ミエ,えみ みえ,56,1965-3-26,女,O,emi_326@example.org,03-9965-4880,070-3032-1714,113-7299,東京都文京区大塚3-5-19,有限会社ツインズ,4926040000000000 ,1月26日,080119927416
133,西尾 勇一,にしお ゆういち,25,1996-5-2,男,B,nishioyuichi@example.ne.jp,0287-44-8203,090-4866-7752,329-9168,栃木県宇都宮市江曽島3-1-6,有限会社山田工業,5351610000000000 ,8月24日,118897000000
134,大橋 祐介,おおはし ゆうすけ,64,1957-3-21,男,AB,yusukeohashi@example.org,0569-00-9907,050-4324-9317,441-4469,愛知県海部郡蟹江町城2-5-20,,4125750000000000 ,12月24日,852951000000
135,吉井 司,よしい つかさ,51,1970-5-17,男,AB,yoshii_517@example.co.jp,0823-06-6405,050-8551-0862,723-3425,広島県広島市東区牛田新町4丁目3番5号,株式会社ヤスダ,375045000000000 ,12月23日,152419000000
136,草野 真理,くさの まり,57,1964-5-19,女,A,kusano_mari@example.com,093-259-5441,070-1304-8806,803-2355,福岡県福岡市南区長丘2丁目3番8号,株式会社丸忠,3580180000000000 ,7月25日,917152000000
137,清水 賢,しみず けん,33,1987-12-5,男,O,shimizuken@example.jp,0858-83-6331,080-2819-8949,689-4410,鳥取県米子市立町2-4-1203,株式会社大栄,5454380000000000 ,8月23日,966246000000
138,佐藤 隆治,さとう りゅうじ,48,1973-8-20,男,A,ryujisato@example.net,03-1195-3235,050-0309-6366,202-7737,東京都北区西ケ原2丁目1番5号,有限会社クライム,3565570000000000 ,8月24日,255533000000
139,野村 絢,のむら しゅん,34,1987-7-21,女,O,aya_nomura@example.ne.jp,03-3370-9188,090-6024-8141,149-9732,東京都多摩市落合2-4-22,株式会社栄和,5349120000000000 ,7月23日,318671000000
140,山田 一世,やまだ かずとし,25,1995-12-14,男,O,isseiyamada@example.net,045-180-1006,080-7830-6082,212-2183,神奈川県海老名市大谷南1-5-9,株式会社田中建設,372085000000000 ,5月23日,718839000000
141,野沢 啓介,のざわ けいすけ,50,1970-12-23,男,O,keisukenozawa@example.net,06-8286-0337,050-9809-2075,580-5194,大阪府大阪市北区西天満3-1-13,株式会社セカンドステージ,5539530000000000 ,3月24日,898072000000
142,遠藤 有希,えんどう ゆき,35,1986-1-17,女,O,endo_yuki@example.net,047-638-4980,070-6348-1955,277-6939,千葉県市川市北方町4丁目3番6号,有限会社吉田工業,378228000000000 ,1月24日,286214000000
143,野中 綾子,のなか あやこ,72,1949-3-5,女,O,nonaka_35@example.ne.jp,06-5934-2666,090-9239-5320,579-3937,大阪府守口市梶町4丁目2番7号,,3555890000000000 ,8月26日,116538000000
144,世古 健太郎,せこ けんたろう,31,1990-7-21,男,B,kentaro_seko@example.net,03-2421-8579,090-1897-9328,135-5083,東京都千代田区九段南1-5-16,東和工業株式会社,3580570000000000 ,2月25日,145187000000
145,荒井 武文,あらい たけふみ,54,1966-10-30,男,B,araitakefumi@example.org,0125-70-9021,090-9921-7101,045-7719,北海道滝川市東町1丁目3番地8号,有限会社ノーブル,377679000000000 ,4月22日,973587000000
146,山元 梢,やまもと こずえ,49,1972-7-14,女,A,yamamoto_kozue@example.jp,06-4338-7775,090-4321-0679,546-7589,大阪府大阪市淀川区木川東3-4-12,有限会社葵,5198290000000000 ,8月23日,921912000000
147,児島 直子,こじま なおこ,66,1955-4-25,女,O,kojimanaoko@example.jp,03-0379-9355,050-8663-3675,117-3329,東京都目黒区目黒3-4-19,,370891000000000 ,8月24日,004249284128
148,荒井 奈緒子,あらい なおこ,50,1971-4-27,女,A,arai_naoko@example.jp,04-2989-7206,090-1402-4124,275-0876,千葉県市川市南八幡1-4-3,株式会社ナック,5183920000000000 ,8月25日,912424000000
149,平松 毅,ひらまつ たかし,22,1999-3-27,男,O,hiramatsu327@example.com,06-8163-5875,050-7320-2893,561-8402,大阪府豊中市刀根山2丁目2番5号,有限会社タジマ,377887000000000 ,8月23日,074833672022
150,藤原 幸子,ふじわら さちこ,20,2001-9-19,女,A,fujiwarasachiko@example.ne.jp,03-6820-3623,070-4918-0620,200-6603,東京都千代田区九段南2-4-909,有限会社わかば,3560900000000000 ,4月25日,435153000000
151,津本 貴,つもと たかし,41,1980-3-16,男,O,tsumototakashi@example.ne.jp,03-4192-4279,050-8023-7778,119-8281,東京都渋谷区広尾2-5-15,株式会社エスプランニング,375764000000000 ,12月21日,981130000000
152,田所 淳史,たどころ あつし,49,1971-10-19,男,O,tadokoro_1019@example.org,03-0099-2271,070-3161-2099,174-3769,東京都練馬区南大泉4丁目3番地5号,株式会社ウイング,372784000000000 ,3月26日,085416060130
153,佐野 真理子,さの まりこ,40,1981-9-30,女,AB,sano_930@example.jp,045-343-6025,070-9115-3556,253-3088,神奈川県逗子市小坪2-2-14,株式会社ナガノ,4352150000000000 ,9月24日,364392000000
154,坂倉 伸二,さかくら しんじ,42,1979-4-27,男,A,sakakurashinji@example.net,01587-4-6467,070-9785-9107,087-9996,北海道札幌市中央区南二条西1-2-10,株式会社イシイ,371360000000000 ,10月24日,360834000000
155,古川 大輔,ふるかわ だいすけ,55,1966-9-16,男,A,daisuke_furukawa@example.ne.jp,0226-68-6209,090-6446-6384,982-5201,宮城県仙台市青葉区中央1-5-12,株式会社アライズ,376035000000000 ,12月23日,611211000000
156,長崎 真也,ながさき しんや,33,1988-3-25,男,B,nagasaki_shinya@example.ne.jp,043-187-0632,080-1767-4703,298-7725,千葉県千葉市花見川区こてはし台1-2-13,有限会社ビジネスサポート,4217070000000000 ,3月23日,381478000000
157,松尾 小太郎,まつお こたろう,27,1993-11-7,男,B,kotaro_matsuo@example.net,03-9399-7458,050-2986-4715,116-6519,東京都東村山市秋津町2-4-16,共栄建設株式会社,4577970000000000 ,11月25日,255687000000
158,鈴木 博美,すずき ひろみ,63,1957-11-14,女,O,suzuki1114@example.net,0261-86-6334,070-8649-5282,387-7749,長野県松本市筑摩3丁目1番地3号,,5319210000000000 ,4月26日,672588000000
159,小野 宏樹,おの ひろき,43,1978-7-19,その他・不明,O,ono719@example.org,044-651-0517,070-1587-8077,214-5851,神奈川県平塚市東真土2丁目3番9号,有限会社グローバル,5115040000000000 ,4月23日,625056000000
160,佐藤 浩太,さとう こうた,38,1983-3-9,男,O,satokota@example.jp,0495-68-2539,070-5303-6040,355-0797,埼玉県川口市青木3丁目1番5号,有限会社近藤工業,4462120000000000 ,12月23日,517746000000
161,島田 大地,しまだ だいち,67,1954-9-3,男,O,daichi_shimada@example.co.jp,0532-24-8693,090-3303-1624,485-8442,愛知県名古屋市西区上名古屋3-3-903,,374854000000000 ,8月26日,801283000000
162,白川 博幸,しらかわ ひろゆき,55,1966-9-25,男,B,shirakawa_hiroyuki@example.net,03-3565-3872,050-3849-8465,121-4734,東京都港区高輪3-3-9,株式会社トーホー,378047000000000 ,10月23日,573455000000
163,向井 万記子,むかい まきこ,44,1977-3-12,女,O,makiko_mukai@example.co.jp,03-5910-3522,080-3143-2045,196-1349,東京都中央区築地4丁目3番3号,株式会社CORE,4604560000000000 ,2月24日,384867000000
164,内田 敬史,うちだ けいし,59,1962-2-26,その他・不明,O,uchida_takashi@example.net,06-5520-4094,090-1381-1633,530-3009,大阪府大阪市住之江区西加賀屋1-4-1003,株式会社ベルテック,4277230000000000 ,2月23日,060325658641
165,菅野 弘祐,かんの こうすけ,54,1966-12-8,男,A,kanno_kousuke@example.com,0536-97-5730,080-4058-6546,477-2102,愛知県名古屋市昭和区元宮町2丁目3番地4号,株式会社カトウ,3549310000000000 ,8月22日,160427000000
166,佐藤 智,さとう とも,35,1986-3-31,男,A,satoshi_sato@example.ne.jp,0465-95-0877,080-5208-3046,251-8217,神奈川県厚木市戸室1丁目2番地4号,有限会社イデア,4215690000000000 ,2月24日,816555000000
167,森田 理奈,もりた りな,43,1977-11-9,女,O,morita_119@example.net,044-218-1773,080-4445-2289,234-7975,神奈川県横浜市磯子区中原3丁目3番地8号,高橋工業株式会社,5511150000000000 ,11月22日,168960000000
168,木村 秀幸,きむら ひでゆき,48,1973-7-14,その他・不明,A,kimura714@example.com,03-4536-3269,050-9151-7533,144-6694,東京都練馬区練馬3丁目2番5号,有限会社アルファー,375935000000000 ,12月25日,954039000000
169,久保 智久,くぼ ともひさ,36,1985-9-22,男,O,kubotomohisa@example.com,0155-59-5067,070-2735-2035,093-0385,北海道帯広市西四条南3丁目3番地4号,有限会社ドリーム,3528880000000000 ,11月25日,023157450212
170,佐藤 崇,さとう たかし,26,1995-2-4,男,A,sato24@example.com,0949-69-6911,070-3954-0450,804-4094,福岡県福岡市東区香椎浜3-5-17,株式会社ナカヤマ,3561770000000000 ,10月24日,963037000000
171,鈴木 陽介,すずき ようすけ,50,1971-4-21,男,A,suzuki_yosuke@example.net,03-1862-4589,080-3579-8707,116-0543,東京都港区三田4丁目2番地9号,株式会社AXIS,5177770000000000 ,6月26日,295149000000
172,森田 文男,もりた ふみお,35,1986-8-22,男,O,fumiomorita@example.net,0531-76-3253,070-7443-1483,459-2961,愛知県名古屋市北区大曽根2丁目3番地5号,株式会社アーネスト,3529930000000000 ,7月26日,147759000000
173,原 浩,はら ひろし,21,2000-9-10,男,O,hara_hiroshi@example.com,0747-20-0831,070-4819-2033,636-2782,奈良県奈良市芝辻町1丁目3番地10号,有限会社コジマ,4852380000000000 ,5月25日,413443000000
174,片桐 孝輔,かたぎり こうすけ,26,1995-9-24,男,B,katagiri924@example.org,03-9572-7874,070-7677-7914,179-8778,東京都練馬区高野台1-4-7,有限会社ハーベスト,5208270000000000 ,8月24日,820127000000
175,相澤 祐輔,あいざわ ゆうすけ,80,1941-1-28,男,A,aizawa_128@example.co.jp,0562-92-9215,070-7002-7129,496-5611,愛知県名古屋市中区千代田2丁目2番地8号,,4359900000000000 ,2月26日,390931000000
176,藤本 隆利,ふじもと たかとし,66,1955-1-14,男,AB,fujimototakatoshi@example.org,0943-50-1697,080-9376-8826,830-8277,福岡県福岡市南区野間1丁目2番3号,,3553160000000000 ,8月23日,467808000000
177,上出 雅子,かみで まさこ,36,1985-4-9,女,AB,kamide_masako@example.net,03-6250-3128,090-9368-9532,140-3229,東京都中央区日本橋室町2丁目3番7号,有限会社ドリーム企画,3539890000000000 ,10月24日,110608000000
178,大橋 淳夫,おおはし あつお,63,1958-5-13,男,A,ohashi513@example.net,06-9939-6770,050-3987-8683,536-0265,大阪府大阪市住吉区長居東1丁目2番地6号,,3582150000000000 ,9月24日,118811000000
179,原 優衣,はら ゆい,41,1980-8-20,女,B,hara_820@example.net,0136-19-6215,070-1113-5305,097-4825,北海道札幌市西区発寒十七条1-1-706,株式会社エビス,3571970000000000 ,7月23日,187793000000
180,武井 智美,たけい ともみ,76,1945-9-21,女,AB,takei921@example.jp,0283-69-4628,080-5607-7018,325-0567,栃木県小山市駅南町1-2-14,,378256000000000 ,10月23日,541911000000
181,織田 稔,おだ みのる,44,1977-3-29,男,B,oda_minoru@example.co.jp,046-589-1095,080-0722-8549,246-9124,神奈川県綾瀬市吉岡東4丁目2番3号,株式会社サンクリエイト,376862000000000 ,5月25日,301352000000
182,三好 一夫,みよし かずお,77,1944-4-14,男,O,miyoshi414@example.org,03-9551-6587,090-3508-6005,185-0954,東京都練馬区関町南4丁目2番7号,,373871000000000 ,8月22日,457676000000
183,上田 貴将,うえだ たかまさ,42,1979-7-25,男,AB,takamasaueda@example.co.jp,03-6375-6015,070-0129-9434,101-1600,東京都品川区東品川1丁目3番9号,株式会社サンワ,3535010000000000 ,10月22日,857521000000
184,醍醐 雄輔,だいご ゆうすけ,50,1970-10-19,男,O,daigo1019@example.jp,06-5094-1545,070-9398-8699,534-2728,大阪府大阪市中央区瓦町4丁目2番10号,株式会社イーテック,4711720000000000 ,5月25日,773442000000
185,西 秀行,にし ひでゆき,24,1997-5-27,男,A,hideyuki_nishi@example.com,06-8904-3727,050-9082-0039,532-4367,大阪府池田市石橋1-3-6,三和商事株式会社,3535270000000000 ,10月23日,481466000000
186,小澤 博己,おざわ ひろき,62,1959-5-26,男,A,ozawa526@example.com,0790-81-3454,080-7797-5756,670-6443,兵庫県神戸市灘区浜田町2丁目2番5号,,374804000000000 ,6月25日,080140986317
187,笹森 徹,ささもり とおる,62,1959-4-19,男,B,sasamori_toru@example.org,092-233-9985,080-8398-9918,807-4620,福岡県福岡市中央区地行3-5-8,,3530450000000000 ,9月23日,095390664231
188,藤田 義典,ふじた よしのり,73,1948-9-30,男,A,fujita_yoshinori@example.ne.jp,03-6518-3025,070-5868-5252,171-7103,東京都墨田区太平1-1-21,,4842820000000000 ,2月26日,045081040595
189,藤井 菜月,ふじい なつき,26,1995-3-24,女,A,natsukifujii@example.jp,03-4008-8725,090-0661-8568,162-2361,東京都江戸川区臨海町1-3-17,有限会社ヤマモト,5408260000000000 ,3月22日,446319000000
190,山口 理沙,やまぐち りさ,66,1955-5-26,女,O,risayamaguchi@example.co.jp,0584-58-7811,080-7820-0923,507-1330,岐阜県各務原市鵜沼南町1丁目2番4号,,3563730000000000 ,6月25日,447951000000
191,橋本 智紀,はしもと とものり,79,1941-12-25,男,A,tomonorihashimoto@example.ne.jp,0276-08-6894,090-9941-3618,371-6171,群馬県邑楽郡大泉町坂田3-1-505,,3580190000000000 ,8月26日,840269000000
192,宮本 恵実,みやもと めぐみ,67,1954-10-2,女,O,emimiyamoto@example.net,03-8550-6437,090-2134-1106,205-6775,東京都港区新橋3丁目1番4号,,4464810000000000 ,2月25日,684199000000
193,深川 哲也,ふかがわ てつや,59,1962-7-19,男,AB,fukagawa_719@example.ne.jp,0586-37-8286,050-7749-3915,458-2005,愛知県名古屋市西区中小田井1丁目1番地4号,有限会社遠藤商店,372723000000000 ,6月25日,467011000000
194,大里 義和,おおさと よしかず,71,1950-7-16,男,A,yoshikazu_osato@example.com,09496-3-9758,080-2228-3861,800-9262,福岡県福岡市中央区渡辺通2丁目3番7号,,5124500000000000 ,7月26日,223644000000
195,坂元 毅,さかもと たかし,55,1966-9-10,男,O,sakamoto_910@example.org,0561-87-7643,090-0614-7844,454-9241,愛知県常滑市飛香台4丁目1番地8号,有限会社オザワ,3560960000000000 ,7月26日,945360000000
196,小林 佳宏,こばやし よしひろ,72,1948-11-29,男,A,yoshihiro_kobayashi@example.co.jp,03-6789-9716,080-5451-8231,164-4821,東京都目黒区上目黒2丁目3番6号,,4068940000000000 ,9月25日,237880000000
197,設楽 祐希,したら ゆき,50,1971-1-28,女,A,shitara128@example.ne.jp,09802-4-4675,070-0907-1755,902-3266,沖縄県浦添市城間1丁目2番10号,大和産業株式会社,5134610000000000 ,1月23日,993409000000
198,佐口 司,さぐち つかさ,74,1947-10-5,男,A,saguchi_105@example.org,06-0640-9831,080-2960-0185,585-1823,大阪府大阪市住吉区長居東1丁目1番5号,,5490690000000000 ,3月22日,121609000000
199,川本 慎太郎,かわもと しんたろう,68,1953-4-23,男,O,shintarokawamoto@example.org,03-5529-3103,080-1682-8247,178-5132,東京都練馬区関町北1-3-4,,378942000000000 ,12月25日,468813000000
200,森本 典子,もりもと のりこ,50,1971-8-18,女,B,morimotonoriko@example.co.jp,096-856-1257,070-1475-3473,863-8108,熊本県熊本市中央区帯山2丁目1番地3号,有限会社エクセル,375330000000000 ,1月25日,134291000000
201,福田 昌和,ふくだ まさかず,24,1996-10-20,男,O,masakazufukuda@example.org,0847-55-2032,050-9657-0576,723-9164,広島県広島市西区楠木町2-2-21,株式会社プレシャス,3539600000000000 ,10月26日,908317000000
202,金子 智光,かねこ ともみつ,21,2000-4-5,その他・不明,O,kaneko45@example.ne.jp,022-965-9742,080-9691-8658,988-8013,宮城県仙台市若林区卸町3-1-12,株式会社トップス,3588000000000000 ,7月26日,839643000000
203,金田 直美,かねだ なおみ,61,1960-9-14,女,O,kanedanaomi@example.net,0587-39-1005,080-7814-9407,480-3315,愛知県名古屋市東区白壁3-1-7,,5242360000000000 ,4月22日,736144000000
204,田邉 初,たなべ はじめ,50,1971-2-12,女,AB,hajime_tanabe@example.com,0463-75-5361,080-8701-1151,249-4142,神奈川県横浜市青葉区あざみ野南1-4-6,株式会社サイトウ,5358120000000000 ,11月24日,067119058713
205,松本 勉,まつもと つとむ,43,1977-11-14,男,O,tsutomu_matsumoto@example.com,0254-98-1829,080-0331-8726,944-5416,新潟県新潟市江南区船戸山4丁目2番地8号,有限会社プラム,379127000000000 ,8月25日,376056000000
206,森下 恵美子,もりした えみこ,44,1977-2-26,女,A,morishita_emiko@example.org,0796-09-3771,070-5197-6563,674-9680,兵庫県伊丹市千僧1-5-16,株式会社サンプラス,3571710000000000 ,2月25日,596850000000
207,小林 南,こばやし みなみ,76,1945-1-24,女,O,kobayashi124@example.ne.jp,027-585-1752,090-7526-1086,372-7678,群馬県邑楽郡大泉町西小泉3-4-19,,379246000000000 ,1月24日,371467000000
208,今井 朋幸,いまい ともゆき,56,1965-5-22,男,O,imaitomoyuki@example.co.jp,03-5018-2525,090-6907-7687,105-5960,東京都新宿区北新宿2-5-1209,株式会社ライジングサン,3539480000000000 ,6月26日,158100000000
209,増岡 美喜子,ますおか みきこ,66,1954-11-11,女,B,mikiko_masuoka@example.ne.jp,0466-04-6752,070-1336-2659,247-9946,神奈川県川崎市幸区中幸町1-2-15,,378832000000000 ,10月24日,334728000000
210,山内 妙,やまうち たえ,39,1982-3-14,女,B,yamauchi314@example.net,0478-85-1177,080-7019-3213,264-2316,千葉県千葉市中央区登戸3丁目1番地4号,有限会社新和,5155660000000000 ,2月26日,134781000000
211,木村 潤,きむら じゆん,60,1960-12-24,男,B,kimura_1224@example.com,0229-70-4709,050-2797-9043,986-9852,宮城県仙台市宮城野区榴岡3-3-9,,4453290000000000 ,5月22日,549740000000
212,中野 俊太郎,なかの しゅんたろう,25,1996-8-31,男,O,nakano_831@example.jp,06-2942-3050,070-5708-7922,563-7697,大阪府大阪市淀川区西中島2-1-503,株式会社ベルテック,378485000000000 ,6月25日,179245000000
213,秋山 佳幸,あきやま よしゆき,40,1981-10-10,男,A,yoshiyukiakiyama@example.co.jp,0565-25-9244,050-8508-2990,458-5157,愛知県刈谷市神明町3-3-5,有限会社イワタ,373882000000000 ,5月22日,909201000000
214,山本 耕一,やまもと こういち,59,1962-8-4,男,A,yamamoto84@example.org,0795-07-2003,090-8991-0910,657-9975,兵庫県神戸市中央区相生町3-3-13,有限会社吉田建設,5370530000000000 ,3月24日,006315770767
215,井原 康之,いはら やすゆき,24,1996-12-5,男,O,yasuyukiihara@example.co.jp,03-8573-2147,050-9399-3628,123-4108,東京都世田谷区砧3丁目1番8号,有限会社三栄商事,3560650000000000 ,5月26日,197365000000
216,土倉 由美,つちくら ゆみ,21,1999-12-18,女,A,tsuchikura_1218@example.ne.jp,03-8166-2579,050-7329-0249,183-3795,東京都渋谷区神宮前2丁目3番3号,有限会社たなか,4819460000000000 ,5月25日,201518000000
217,田中 雅紀,たなか まさのり,41,1980-2-5,男,O,tanakamasanori@example.net,06-0103-6047,090-6560-8118,559-8676,大阪府大阪市中央区南本町2-4-18,株式会社コウエイ,5428960000000000 ,7月26日,587919000000
218,木村 辰也,きむら たつや,53,1968-7-5,男,O,tatsuyakimura@example.co.jp,03-0466-2997,070-9820-0062,150-0098,東京都府中市南町3-1-3,有限会社プラス,5287530000000000 ,2月25日,332411000000
219,佐々木 昌和,ささき まさかず,77,1944-1-6,男,AB,masakazu_sasaki@example.org,0880-97-0421,070-9793-4498,782-9869,高知県高知市桟橋通3-3-21,,4784930000000000 ,2月25日,528137000000
220,川久保 理佳,かわくぼ りか,76,1945-10-4,女,O,kawakuborika@example.jp,0949-49-6058,090-6953-4531,836-1019,福岡県太宰府市向佐野3-4-13,,3578980000000000 ,11月25日,758447000000
221,鹿又 晃久,かのまた あきひさ,34,1987-9-7,男,O,kanomata_97@example.com,03-2552-0094,080-5657-0406,106-0491,東京都港区虎ノ門2-1-17,株式会社三貴,3550700000000000 ,6月25日,764879000000
222,岩井 哲也,いわい てつや,55,1965-12-10,男,O,iwaitetsuya@example.ne.jp,03-6271-7630,070-8508-5383,151-4235,東京都練馬区高松1-5-9,株式会社三晃,3572020000000000 ,3月24日,298286000000
223,尾田 龍介,おだ りょうすけ,39,1981-12-21,男,A,oda1221@example.co.jp,03-8724-3089,050-2271-2163,144-1377,東京都練馬区土支田1-4-13,株式会社グリーンライフ,3544130000000000 ,8月25日,470182000000
224,山川 ひろみ,やまかわ ひろみ,68,1952-10-23,女,B,hiromi_yamakawa@example.ne.jp,052-445-3519,090-5091-1188,466-5362,愛知県豊田市東山町3-1-16,,373241000000000 ,11月25日,543442000000
225,福山 恵美,ふくやま えみ,48,1973-6-20,女,A,fukuyama_emi@example.com,0798-07-5978,080-2497-8947,670-8576,兵庫県姫路市玉手3-1-5,株式会社大新,3534500000000000 ,7月25日,022562860065
226,小西 貞治,こにし さだはる,53,1968-6-24,男,B,konishi624@example.com,01392-1-5085,090-8222-9531,085-9035,北海道釧路市文苑3-2-22,株式会社小林工務店,4579690000000000 ,12月24日,479755000000
227,境野 由紀子,さかいの ゆきこ,64,1956-12-23,女,AB,yukikosakaino@example.jp,03-5885-4470,080-8313-1156,171-8891,東京都昭島市昭和町2-5-14,,5503560000000000 ,10月21日,169314000000
228,近藤 絢子,こんどう じゅんこ,41,1979-11-27,女,A,kondoayako@example.com,0493-25-8017,070-2290-5166,341-4737,埼玉県さいたま市浦和区針ヶ谷3-3-4,株式会社クリエイティブ,4061360000000000 ,7月22日,942497000000
229,渡辺 紀章,わたなべ のりあき,32,1989-7-4,男,A,watanabenoriaki@example.co.jp,03-7175-7994,090-4506-4725,157-8036,東京都豊島区西池袋4丁目2番地10号,有限会社渡辺工業,4159080000000000 ,5月26日,095508482621
230,川崎 信治,かわさき しんじ,40,1981-8-10,男,B,shinjikawasaki@example.co.jp,0949-93-4531,070-5139-6779,832-8657,福岡県福岡市博多区中洲2-2-11,株式会社シード,3586490000000000 ,12月24日,011350330897
231,中島 滋,なかじま しげる,49,1972-4-14,男,A,nakajima_414@example.jp,025-158-2899,070-1537-5315,943-8973,新潟県上越市北本町3-5-16,株式会社エスプランニング,4561250000000000 ,1月26日,401428000000
232,松野 裕子,まつの ゆうこ,30,1991-9-5,女,A,matsuno_yuko@example.net,03-7664-7912,080-8281-1409,181-0505,東京都中央区日本橋室町4丁目3番6号,有限会社グロウ,4684390000000000 ,5月25日,381743000000
233,林 祐介,はやし ゆうすけ,40,1981-1-12,男,O,hayashi_yusuke@example.com,03-6204-1866,070-0263-8927,156-4556,東京都渋谷区神宮前2-5-1105,株式会社エムズ,373745000000000 ,8月22日,069676057528
234,白江 順子,しらえ じゅんこ,55,1966-10-5,女,AB,shiraejunko@example.com,03-7367-3123,070-9997-5412,146-2193,東京都新宿区西新宿2-1-11,株式会社エンゼル,3556150000000000 ,4月22日,580401000000
235,菅原 諒,すがわら りょう,73,1947-10-19,男,O,sugawararyo@example.org,045-277-2144,090-4016-0300,251-2333,神奈川県横浜市鶴見区鶴見中央3丁目1番7号,,4805980000000000 ,5月22日,593233000000
236,藤田 裕子,ふじた ゆうこ,42,1979-7-13,女,B,yukofujita@example.org,03-4608-7195,050-4495-7064,188-1377,東京都青梅市野上町2丁目3番8号,有限会社小山商店,371046000000000 ,5月25日,110454000000
237,廣岡 和久,ひろおか かずひさ,52,1969-1-27,男,B,kazuhisa_hirooka@example.jp,03-6543-0665,090-2623-4060,187-3580,東京都青梅市小曾木1-1-19,株式会社天翔,3561370000000000 ,7月23日,368220000000
238,浅田 有,あさだ ゆう,25,1996-8-6,男,O,asadayu@example.com,03-5458-5181,080-8085-9522,178-0323,東京都台東区松が谷4丁目3番7号,有限会社ことぶき,4273560000000000 ,9月26日,747572000000
239,小林 洋介,こばやし ようすけ,24,1996-10-20,男,O,yosukekobayashi@example.jp,06-6569-8887,070-7901-8204,594-5405,大阪府八尾市本町3-2-14,有限会社近藤商店,4751330000000000 ,2月26日,646285000000
240,大月 高志,おおつき たかし,55,1965-11-26,男,O,takashi_otsuki@example.co.jp,0532-60-4704,070-3542-1107,475-3500,愛知県名古屋市昭和区丸屋町2-4-4,有限会社エムツー,4652680000000000 ,5月25日,718237000000
241,和田 久美子,わだ くみこ,73,1948-10-15,女,A,wada1015@example.org,0124-27-3482,070-3048-8531,049-2352,北海道札幌市南区南沢三条4丁目3番3号,,372414000000000 ,5月25日,080229966921
242,鈴木 よしみ,すずき よしみ,34,1987-6-18,女,O,suzuki618@example.jp,03-3504-4073,070-7840-1746,153-0623,東京都品川区東五反田3-4-404,株式会社セイケン,4191270000000000 ,8月22日,445416000000
243,柏木 卓哉,かしわぎ たくや,32,1988-10-27,男,AB,kashiwagi1027@example.net,03-4179-4687,050-0471-6810,183-4514,東京都目黒区下目黒2-3-704,株式会社井上,3589850000000000 ,3月22日,392917000000
244,黒岩 雅貴,くろいわ まさき,38,1982-12-26,男,O,masakikuroiwa@example.com,01372-4-2561,090-0079-7881,070-9568,北海道稚内市中央2-2-18,株式会社アルプス,3557650000000000 ,11月24日,545983000000
245,高橋 武俊,たかはし たけとし,31,1990-1-13,男,O,takahashi_113@example.co.jp,048-554-4975,050-8608-8162,366-0130,埼玉県さいたま市大宮区桜木町3-1-22,有限会社山田商事,4534700000000000 ,9月22日,088922435450
246,平田 沙里,ひらた さり,73,1948-7-23,女,A,hirata723@example.com,03-7096-5337,080-8577-8196,111-5955,東京都江戸川区東小松川1-4-4,,5325040000000000 ,8月25日,182302000000
247,福山 崇,ふくやま たかし,47,1974-4-3,男,B,fukuyamatakashi@example.jp,03-7416-2158,090-6805-4512,205-1150,東京都葛飾区西亀有2丁目1番3号,有限会社石川製作所,5486200000000000 ,3月22日,053668041821
248,有働 紗季,うどう さき,59,1962-9-2,女,A,udosaki@example.com,03-6373-1850,070-4285-1173,205-6088,東京都中野区中央3-5-7,株式会社ナガイ,4003990000000000 ,11月25日,748996000000
249,木村 浩,きむら ひろし,80,1941-8-26,男,A,kimura_826@example.org,03-4160-1642,070-8267-1370,123-6737,東京都狛江市岩戸南1-2-17,,3553260000000000 ,4月25日,065674960888
250,加藤 淳一,かとう じゅんいち,75,1946-2-13,男,O,katojunichi@example.org,06-1588-0416,070-5584-5112,544-3153,大阪府大阪市淀川区東三国1丁目2番10号,,3549210000000000 ,5月22日,546277000000
251,片山 剛,かたやま つよし,39,1982-2-20,男,A,tsuyoshikatayama@example.com,0795-72-6112,050-9091-7036,674-0550,兵庫県神戸市灘区水道筋2-4-106,株式会社M＆M,5538130000000000 ,6月24日,690188000000
252,北山 武史,きたやま たけふみ,71,1950-4-27,男,O,takeshi_kitayama@example.co.jp,03-8963-9603,080-3794-7149,142-2393,東京都豊島区巣鴨3-2-22,,376819000000000 ,2月24日,198819000000
253,丸山 麻紀,まるやま まき,47,1974-4-3,女,O,maki_maruyama@example.ne.jp,0576-29-3994,050-8860-2921,506-0168,岐阜県岐阜市戎町2-1-10,株式会社イノベーション,370317000000000 ,10月23日,219981000000
254,阿部 亜矢子,あべ あやこ,72,1949-5-24,女,B,ayakoabe@example.jp,045-547-7529,080-0976-0552,219-1908,神奈川県小田原市本町1-2-16,,3535930000000000 ,5月26日,180081000000
255,松井 亮介,まつい りょうすけ,66,1955-2-2,男,O,matsui_22@example.jp,03-1197-1602,070-1973-4477,101-9401,東京都新宿区四谷3-4-17,,3548940000000000 ,10月22日,370936000000
256,田中 淑子,たなか よしこ,43,1978-5-8,その他・不明,O,tanaka_58@example.ne.jp,0165-93-2164,090-5646-4001,090-0124,北海道札幌市中央区南一条東3丁目2番10号,株式会社昭和,3583320000000000 ,1月24日,114315000000
257,山岸 ゆう,やまぎし ゆう,80,1941-5-1,男,B,yu_yamagishi@example.ne.jp,0930-93-9693,090-4438-6337,832-6870,福岡県糸島市高田1-5-19,,4619650000000000 ,3月23日,936673000000
258,野口 裕行,のぐち ひろゆき,48,1973-3-21,男,O,noguchi_321@example.org,0776-66-0448,090-2738-6383,912-0083,福井県鯖江市柳町3-4-17,有限会社クローバー,4448390000000000 ,1月24日,429770000000
259,佐藤 英之,さとう ひでゆき,76,1945-3-13,男,B,sato313@example.org,0846-75-4720,090-2431-3344,733-6403,広島県安芸郡府中町浜田1-1-10,,379701000000000 ,3月23日,247109000000
260,池田 勇介,いけだ ゆうすけ,25,1996-1-8,男,O,yusukeikeda@example.co.jp,0794-79-1181,070-9048-2647,651-8413,兵庫県伊丹市昆陽東2-1-13,有限会社朋友,370056000000000 ,11月24日,385677000000
261,大宮 剛史,おおみや たけし,54,1967-10-1,男,O,omiya_takeshi@example.jp,0165-49-7215,090-0886-4488,096-4252,北海道札幌市清田区清田一条1丁目1番地4号,株式会社アウル,3549770000000000 ,9月26日,745669000000
262,橋本 哲也,はしもと てつや,26,1995-8-15,男,B,hashimoto_tetsuya@example.ne.jp,06-3188-4284,080-5103-5277,542-5555,大阪府吹田市藤白台1丁目1番8号,株式会社エンゼル,3535250000000000 ,2月23日,856955000000
263,徳永 美帆子,とくなが みほこ,66,1955-8-11,女,A,mihoko_tokunaga@example.com,03-4631-3543,090-0642-8282,164-4803,東京都台東区寿1丁目1番5号,,5381640000000000 ,4月26日,286471000000
264,南口 佳奈子,みなみぐち かなこ,67,1954-3-13,女,A,kanakominamiguchi@example.co.jp,052-282-9422,070-0811-2039,455-2360,愛知県名古屋市瑞穂区川澄町4丁目3番地7号,,5424870000000000 ,7月23日,161111000000
265,山本 富美子,やまもと ふみこ,80,1941-3-13,女,A,yamamoto_fumiko@example.jp,06-3296-3266,050-4215-8397,567-9902,大阪府大阪市東住吉区今林3-3-508,,3552900000000000 ,9月22日,946488000000
266,鈴木 和則,すずき かずのり,22,1998-10-25,男,A,kazunori_suzuki@example.org,03-1697-8993,070-3924-6626,127-7092,東京都港区芝2-4-21,有限会社田中工務店,4023500000000000 ,2月24日,616747000000
267,松本 琴,まつもと こと,60,1961-3-13,女,O,koto_matsumoto@example.com,0480-25-7822,090-4491-4936,342-9571,埼玉県川口市戸塚2-5-14,,3552410000000000 ,8月23日,862543000000
268,小林 智,こばやし とも,69,1952-2-10,男,B,satoshi_kobayashi@example.com,03-5923-8841,050-3387-4829,120-6604,東京都港区六本木2丁目1番9号,,3588310000000000 ,1月23日,745878000000
269,岩崎 大介,いわさき だいすけ,29,1992-6-26,その他・不明,A,iwasaki626@example.org,03-7903-8682,050-6291-7475,130-8354,東京都港区赤坂2-4-705,有限会社清水工務店,371121000000000 ,4月23日,615528000000
270,安田 優紀,やすだ ゆうき,41,1980-3-31,女,B,yukiyasuda@example.net,082-151-8837,080-9301-4069,737-4180,広島県広島市佐伯区薬師が丘2-3-504,株式会社サポート,3548070000000000 ,5月25日,173705000000
271,下園 ゆき,しもぞの ゆき,52,1969-5-26,女,A,shimozono526@example.jp,0555-58-7791,090-5526-7203,400-4219,山梨県韮崎市本町1丁目3番6号,株式会社Y’s,4604030000000000 ,5月22日,048676365543
272,深野 政治,ふかの せいじ,70,1950-12-22,男,B,masaharu_fukano@example.net,03-4371-7247,080-2467-3802,162-5516,東京都中野区鷺宮2丁目3番10号,,3557380000000000 ,1月22日,176467000000
273,外崎 夏来,とのさき なつき,74,1947-5-9,男,O,natsukitonosaki@example.com,06-6022-4723,070-8643-1535,538-2855,大阪府枚方市茄子作2丁目1番7号,,4202110000000000 ,11月21日,479285000000
274,中村 祥平,なかむら しょうへい,22,1999-5-27,男,O,nakamura_527@example.co.jp,03-2204-9748,080-4193-3096,135-0682,東京都狛江市岩戸南3-1-407,株式会社アヴァンティ,3557170000000000 ,5月26日,469017000000
275,神田 雄司,かんだ ゆうじ,20,2001-9-21,男,A,kanda921@example.net,0465-25-0284,070-1381-5693,253-1951,神奈川県川崎市多摩区東生田1-1-13,株式会社大黒屋,4801860000000000 ,1月23日,079131979261
276,魚谷 義彦,うおたに よしひこ,65,1956-1-6,男,B,uotani_yoshihiko@example.com,058-531-3919,070-7356-3606,508-7568,岐阜県土岐市泉東窯町1-5-15,,4359040000000000 ,8月24日,672019000000
277,安田 英雄,やすだ ひでお,33,1988-2-2,男,O,yasudahideo@example.co.jp,03-6340-3130,050-4609-9808,188-1635,東京都杉並区久我山2丁目3番10号,株式会社プライム,3539900000000000 ,1月24日,021293962003
278,城野 和博,しろの かずひろ,45,1975-12-19,男,O,shirono1219@example.com,03-3013-8848,090-6467-5853,151-6002,東京都品川区西五反田3-2-805,株式会社ブレーン,5333190000000000 ,2月26日,622428000000
279,宮川 良之,みやがわ よしゆき,58,1962-12-1,男,A,miyagawa121@example.ne.jp,01634-9-2188,050-0569-6108,049-2110,北海道札幌市北区新琴似六条3-4-13,株式会社吉建,4565570000000000 ,2月24日,272421000000
280,川瀬 栄二,かわせ えいじ,75,1946-8-8,男,O,kawaseeiji@example.jp,03-5538-5669,090-5161-9775,138-6134,東京都練馬区大泉学園町1-4-1003,,3570930000000000 ,3月24日,895114000000
281,丸山 徹哉,まるやま てつや,42,1979-10-10,男,O,maruyamatetsuya@example.co.jp,03-7799-7169,090-5772-2314,181-3525,東京都世田谷区弦巻3丁目2番3号,有限会社カインド,3581460000000000 ,5月24日,029885585440
282,松本 雄太,まつもと ゆうた,37,1984-3-6,男,A,yutamatsumoto@example.org,03-2113-1122,080-6797-1321,199-2950,東京都港区芝公園3丁目2番地6号,有限会社杉山商店,5141140000000000 ,9月23日,235104000000
283,中谷 友香,なかたに ゆか,68,1953-1-5,女,A,yuka_nakatani@example.co.jp,058-835-7341,070-7740-8815,505-2723,岐阜県各務原市蘇原興亜町2-1-1105,,372259000000000 ,3月25日,768067000000
284,笹崎 緑,ささざき みどり,56,1965-1-23,女,A,sasazaki_123@example.com,03-2401-8766,050-7536-2976,203-8839,東京都文京区白山3-1-9,共栄工業株式会社,379304000000000 ,8月23日,375961000000
285,松田 有沙,まつだ ありさ,75,1946-5-21,女,B,arisamatsuda@example.org,03-8324-9660,050-3808-7051,187-4731,東京都港区南麻布3丁目2番地5号,,3561880000000000 ,11月23日,084970167942
286,大塚 俊二,おおつか しゅんじ,46,1975-6-6,男,O,otsuka_66@example.org,06-7516-2648,050-4938-7690,537-2149,大阪府大阪市西区立売堀3丁目2番6号,有限会社エステック,374748000000000 ,4月22日,357765000000
287,川角 英樹,かわすみ ひでき,31,1990-5-23,その他・不明,A,kawasumihideki@example.ne.jp,0296-82-5740,070-0176-8008,316-5349,茨城県土浦市下高津3-2-701,有限会社いずみ,5497370000000000 ,9月22日,042492146280
288,阿部 亮輔,あべ りょうすけ,40,1981-4-16,男,O,abe_416@example.ne.jp,03-8900-8773,050-9048-0931,170-4052,東京都北区上十条2丁目1番7号,,4397750000000000 ,4月23日,328608000000
289,竹尾 勉,たけお つとむ,26,1995-4-4,その他・不明,B,tsutomutakeo@example.com,04-8368-7977,070-9175-1628,279-8120,千葉県富津市大堀3-3-19,株式会社山商,374014000000000 ,5月23日,426839000000
290,藤田 雄一朗,ふじた ゆういちろう,31,1990-9-18,男,A,fujita918@example.ne.jp,03-9829-0685,070-4463-4962,167-5505,東京都港区西麻布1丁目1番9号,株式会社シグマ,5192730000000000 ,12月24日,666236000000
291,清水 雄治,しみず ゆうじ,38,1983-5-26,男,A,yujishimizu@example.org,0467-69-1040,080-6413-0880,250-4210,神奈川県横浜市保土ケ谷区西谷1丁目3番3号,山本産業株式会社,5131030000000000 ,2月23日,289419000000
292,藤原 聡,ふじわら あきら,53,1968-7-5,男,O,satoshi_fujiwara@example.jp,044-502-7061,090-5268-4370,242-8788,神奈川県小田原市酒匂2-2-18,株式会社大進,4234690000000000 ,9月24日,869861000000
293,熊野 くるみ,くまの くるみ,57,1964-10-14,女,A,kumano_kurumi@example.co.jp,01392-4-6931,050-9091-7646,084-0237,北海道札幌市豊平区平岸四条3-2-15,株式会社ファルコン,4423870000000000 ,2月22日,037161178919
294,根岸 浩之,ねぎし ひろゆき,20,2001-9-27,男,B,negishi_hiroyuki@example.net,082-656-3488,080-1283-4123,739-1424,広島県呉市阿賀北4丁目1番6号,株式会社クオリア,5205430000000000 ,5月26日,768238000000
295,西尾 菜津子,にしお なつこ,66,1955-1-15,女,O,nishio_natsuko@example.ne.jp,0948-43-4120,080-5954-4293,838-6947,福岡県遠賀郡遠賀町松の本3丁目2番4号,,4545770000000000 ,8月25日,991567000000
296,森口 寛治,もりぐち かんじ,69,1952-6-2,男,O,moriguchi62@example.co.jp,0944-02-7511,070-4006-0549,869-6255,熊本県熊本市中央区渡鹿2-2-21,,377958000000000 ,8月24日,984298000000
297,白井 麻衣,しらい まい,79,1941-10-18,女,O,shiraimai@example.net,0930-20-1591,050-7065-7054,834-2216,福岡県糟屋郡志免町別府3丁目2番10号,,5447420000000000 ,5月23日,166843000000
298,古賀 明日香,こが あすか,49,1972-8-16,女,AB,koga_asuka@example.jp,03-7855-1901,050-0917-8489,208-5515,東京都港区南青山2-4-707,有限会社大松,5157180000000000 ,9月24日,712058000000
299,岡崎 幸子,おかざき さちこ,60,1961-6-22,女,O,okazakisachiko@example.jp,03-8932-9922,080-5917-5312,200-2000,東京都三鷹市井の頭1-1-501,,5201240000000000 ,3月26日,885649000000
300,志智 裕美,しち ゆみ,52,1968-12-16,女,B,shichi1216@example.org,0984-39-6894,070-5088-2741,883-0419,宮崎県宮崎市太田3-4-4,アイテック株式会社,373563000000000 ,9月26日,573941000000
301,塩尻 博之,しおじり ひろゆき,21,1999-12-23,男,B,shiojiri_1223@example.ne.jp,0235-54-2225,070-6001-4350,991-4783,山形県山形市江南1-3-703,太陽建設株式会社,3548320000000000 ,6月23日,659217000000
302,笠原 賢一,かさはら けんいち,72,1949-6-20,男,O,kasahara_kenichi@example.ne.jp,01456-5-1648,050-2739-4211,003-2620,北海道札幌市東区北十三条東1-3-21,,3587770000000000 ,8月24日,012242950591
303,高垣 真由美,たかがき まゆみ,35,1986-5-15,女,O,takagaki_mayumi@example.ne.jp,03-1779-5434,070-9665-6417,108-6631,東京都港区新橋2丁目3番5号,株式会社タスク,4319230000000000 ,5月23日,946331000000
304,山川 真奈美,やまかわ まなみ,58,1963-6-19,女,A,yamakawa_619@example.com,06-8075-9910,050-7872-5521,560-6845,大阪府大阪市港区市岡1-5-15,株式会社山田組,372793000000000 ,7月22日,803861000000
305,日高 祥子,ひだか しょうこ,71,1949-12-5,女,B,hidakashoko@example.jp,06-2469-2021,070-0685-2465,594-0633,大阪府池田市石橋1-3-908,,5452550000000000 ,12月22日,754183000000
306,北野 千穂,きたの ちほ,76,1945-5-29,女,A,kitano_529@example.com,0865-33-5349,090-7625-5359,703-9196,岡山県岡山市北区奉還町2-5-11,,4638440000000000 ,3月24日,564326000000
307,池田 奈保子,いけだ なおこ,31,1990-7-4,女,B,naoko_ikeda@example.com,03-1730-4888,090-8911-1428,193-2854,東京都文京区小日向3丁目3番4号,株式会社陽光,371321000000000 ,2月26日,375454000000
308,末光 敏行,すえみつ としゆき,62,1958-12-2,男,O,toshiyukisuemitsu@example.jp,0493-05-6614,050-7920-8610,356-1747,埼玉県さいたま市大宮区桜木町3-5-3,,379472000000000 ,6月24日,861380000000
309,仲宗根 真里奈,なかそね まりな,76,1945-1-27,女,B,marina_nakasone@example.ne.jp,0295-15-5535,050-4204-5451,305-3083,茨城県日立市諏訪町3丁目2番地4号,,4763550000000000 ,4月25日,234319000000
310,松井 博一,まつい ひろかず,51,1970-3-11,男,A,matsui_hirokazu@example.co.jp,03-1757-1384,050-9245-8844,113-6188,東京都台東区根岸3-3-104,有限会社朝日商事,4091280000000000 ,1月26日,842936000000
311,清藤 達也,きよふじ たつや,35,1986-4-6,男,O,kiyofuji_tatsuya@example.com,0889-79-0313,050-3520-9767,780-3556,高知県香美市土佐山田町東本町1-5-11,株式会社H＆M,373152000000000 ,4月25日,940009000000
312,中井 仁,なかい ひとし,27,1994-7-17,男,O,nakai_717@example.co.jp,03-4851-3043,050-6859-9352,169-1031,東京都台東区蔵前3-2-5,有限会社テクノス,4824260000000000 ,5月25日,244345000000
313,村居 真由美,むらい まゆみ,28,1992-12-24,女,O,muraimayumi@example.net,03-6627-5050,070-4367-2570,195-8441,東京都江戸川区東小松川1-4-4,株式会社鈴木工業,375258000000000 ,6月23日,175697000000
314,清水 正宏,しみず まさひろ,69,1951-11-22,男,A,shimizu_masahiro@example.org,06-1465-1554,070-6218-0827,584-0784,大阪府大阪市東淀川区淡路3丁目2番8号,,376461000000000 ,4月25日,820073000000
315,守谷 正和,もりや まさかず,40,1981-1-8,男,A,moriyamasakazu@example.ne.jp,052-777-7716,070-6461-3926,447-0007,愛知県名古屋市中区大須2丁目2番5号,株式会社司,5210090000000000 ,12月21日,216538000000
316,大塚 規夫,おおつか のりお,41,1980-5-10,男,B,noriootsuka@example.ne.jp,01398-3-2371,050-9822-5328,048-7050,北海道札幌市中央区北二条東2丁目2番地6号,有限会社岡本,3548200000000000 ,6月25日,395766000000
317,池田 政博,いけだ まさひろ,58,1962-10-21,男,B,masahiroikeda@example.co.jp,03-4186-9846,090-5006-3711,141-6228,東京都港区虎ノ門1丁目1番6号,有限会社亀屋,3539930000000000 ,2月24日,033432177217
318,佐々木 和希,ささき かずき,24,1997-4-27,女,A,sasaki427@example.net,0744-54-7743,070-5705-3364,633-8126,奈良県香芝市五位堂3-4-105,株式会社ファミリー,5470080000000000 ,3月25日,261937000000
319,田山 英之,たやま ひでゆき,51,1970-2-14,男,B,hideyuki_tayama@example.com,092-762-3388,070-8004-0580,834-0412,福岡県福岡市博多区中洲4丁目1番8号,有限会社オズ,370899000000000 ,3月23日,192904000000
320,三浦 雅史,みうら まさし,73,1948-9-27,男,A,masashi_miura@example.org,0142-18-3169,080-7947-3623,086-2205,北海道網走郡美幌町字栄町4丁目1番9号,,5127730000000000 ,5月23日,383139000000
321,鈴 涼子,すず りょうこ,28,1993-9-28,女,A,suzu928@example.net,03-8991-4610,070-0895-7656,202-5122,東京都杉並区和泉1-2-502,株式会社フジモト,372760000000000 ,9月23日,029411356688
322,林田 恭子,はやしだ きょうこ,79,1942-6-9,女,O,kyoko_hayashida@example.ne.jp,03-4727-4334,070-4489-3498,179-1982,東京都三鷹市野崎1丁目1番10号,,4788770000000000 ,10月25日,996458000000
323,藤田 陽子,ふじた ようこ,25,1996-8-19,女,O,fujita_819@example.net,06-2078-2684,070-8696-1029,538-2856,大阪府大阪市中央区淡路町2-3-1101,株式会社サンエス,3548840000000000 ,8月26日,681838000000
324,渡部 直也,わたなべ なおや,79,1942-6-17,男,A,watanabe_naoya@example.com,03-5507-9343,080-4941-4261,100-4987,東京都荒川区東日暮里3丁目1番4号,,374076000000000 ,12月21日,155131000000
325,井手 直也,いで なおや,46,1975-8-19,男,B,naoya_ide@example.jp,0465-38-0355,050-3644-4973,234-8202,神奈川県相模原市緑区橋本2-2-6,株式会社アルファー,375854000000000 ,2月25日,786653000000
326,平岡 由樹,ひらおか よしき,50,1971-1-20,女,B,hiraoka120@example.org,03-8402-9749,050-0542-9360,207-8694,東京都港区高輪3-1-305,有限会社フリーダム,3538560000000000 ,8月25日,816301000000
327,向 正博,むかい まさひろ,29,1992-5-4,男,A,mukai_54@example.org,03-4535-9948,080-0168-9228,124-8905,東京都港区高輪2丁目2番5号,有限会社ロータス,4422110000000000 ,7月23日,407974000000
328,水島 裕一,みずしま ゆういち,32,1989-3-25,男,A,yuichimizushima@example.ne.jp,03-2950-7569,070-1950-4732,145-2512,東京都墨田区立川1丁目2番地10号,有限会社シャルム,371402000000000 ,6月22日,420511000000
329,児島 靖,こじま やすし,45,1975-12-13,男,A,yasushi_kojima@example.com,0790-82-9794,080-5933-9084,663-6123,兵庫県神戸市須磨区高倉台3-5-22,株式会社吉田工業,370874000000000 ,11月24日,680689000000
330,羽地 忠幸,はねじ ただゆき,75,1946-7-17,その他・不明,O,tadayukihaneji@example.org,0791-35-0403,080-2443-9887,670-8462,兵庫県神戸市中央区下山手通3-1-10,,4487350000000000 ,5月26日,696358000000
331,石田 真悟,いしだ しんご,74,1946-12-2,男,O,ishida_122@example.ne.jp,044-387-4991,080-1332-7460,234-9995,神奈川県横浜市泉区下和泉1丁目3番9号,,3578190000000000 ,3月23日,723568000000
332,三石 あやか,みついし あやか,48,1973-7-2,女,A,ayaka_mitsuishi@example.ne.jp,03-9479-0067,080-1711-5025,188-7867,東京都世田谷区池尻3丁目1番6号,株式会社飛鳥,3560000000000000 ,9月26日,806147000000
333,川本 賢司,かわもと けんじ,36,1985-2-2,男,A,kawamoto_kenji@example.jp,03-3940-4859,070-7353-2041,186-7854,東京都杉並区永福2丁目2番3号,有限会社グローバル,5283620000000000 ,12月21日,357573000000
334,小川 賢一,おがわ けんいち,47,1974-9-27,男,AB,ogawa927@example.net,06-3415-7918,080-1084-4862,557-6768,大阪府大阪市淀川区宮原2-1-15,株式会社千代田,3556450000000000 ,7月26日,005087773509
335,村上 慶,むらかみ けい,71,1950-2-21,男,A,kei_murakami@example.jp,0226-05-1851,070-6780-8658,989-9407,宮城県名取市相互台4丁目1番7号,,5220070000000000 ,11月21日,180416000000
336,佐橋 耕治,さはし こうじ,60,1961-8-20,男,A,sahashikoji@example.jp,06-8812-1494,080-0112-7343,543-8030,大阪府吹田市山田東3-2-15,,377677000000000 ,5月26日,539198000000
337,井上 文乃,いのうえ あやの,56,1965-5-24,女,A,inoue524@example.jp,06-9463-3444,080-4396-7853,592-5782,大阪府大阪市北区西天満1-5-802,有限会社原田商店,5390090000000000 ,12月21日,153554000000
338,玉城 秀樹,たまき ひでき,52,1969-10-8,男,O,tamakihideki@example.net,0493-89-5826,070-5948-0741,341-4463,埼玉県三郷市中央1丁目3番9号,株式会社クラウン,5161510000000000 ,8月23日,988331000000
339,後藤 彰彦,ごとう あきひこ,33,1988-7-30,男,O,akihiko_goto@example.co.jp,073-282-1753,080-1634-6536,641-6605,和歌山県和歌山市松江東3丁目1番5号,株式会社ユウキ,5363870000000000 ,10月25日,519313000000
340,松岡 誠,まつおか まこと,57,1964-2-6,男,A,makotomatsuoka@example.jp,03-3935-4349,090-6842-7847,136-0573,東京都小金井市緑町3丁目1番5号,三和産業株式会社,5513230000000000 ,9月23日,912948000000
341,五十嵐 利香,いがらし りか,47,1974-9-23,女,A,rika_igarashi@example.jp,03-7358-4307,050-0986-9970,134-1496,東京都港区六本木1丁目1番地6号,株式会社ヒロセ,373559000000000 ,3月24日,557485000000
342,三浦 久之,みうら ひさゆき,77,1943-11-18,男,AB,miura1118@example.ne.jp,0948-66-4823,080-3844-5766,807-8659,福岡県北九州市小倉南区企救丘1-5-504,,5257600000000000 ,4月25日,519700000000
343,霜鳥 ひろこ,しもとり ひろこ,20,2000-12-17,女,B,shimotorihiroko@example.org,0796-03-3854,090-1535-0451,660-8923,兵庫県神戸市兵庫区湊町2-2-4,有限会社スギヤマ,4941610000000000 ,2月24日,753866000000
344,齋藤 ひとみ,さいとう ひとみ,32,1989-1-21,女,A,hitomisaito@example.org,06-8762-1756,090-1481-6025,532-2267,大阪府大阪市浪速区桜川3-2-15,株式会社ケイコーポレーション,376591000000000 ,3月22日,315543000000
345,山戸 慎一,やまと しんいち,30,1991-1-9,男,O,yamato_shinichi@example.jp,03-3048-0140,090-2959-1961,168-7356,東京都台東区台東3-5-11,株式会社ライジングサン,373931000000000 ,6月25日,729879000000
346,深沢 毅,ふかさわ たかし,51,1970-6-4,男,O,fukasawa_takeshi@example.jp,0791-91-6401,050-5483-9368,667-1862,兵庫県神戸市垂水区川原3丁目1番5号,有限会社石川商事,371923000000000 ,11月21日,988972000000
347,福澤 広一郎,ふくざわ こういちろう,78,1942-10-18,男,O,fukuzawa_1018@example.com,06-0329-8991,050-3285-2196,562-9452,大阪府四條畷市田原台4丁目1番7号,,3532300000000000 ,12月25日,329220000000
348,飯塚 優香,いいづか ゆか,27,1993-11-29,女,A,yukaiizuka@example.org,0946-55-3691,070-2722-6393,835-8254,福岡県福岡市東区箱崎ふ頭3-5-21,有限会社ワタナベ,5579860000000000 ,12月22日,575644000000
349,竹之内 崇志,たけのうち たかし,45,1976-1-12,男,A,takenouchi112@example.com,0436-21-9637,050-4382-2360,289-8552,千葉県千葉市若葉区小倉台2-2-21,有限会社伊藤製作所,375841000000000 ,11月21日,168581000000
350,宮良 康浩,みやら やすひろ,35,1986-8-5,男,O,miyarayasuhiro@example.com,03-2203-0044,070-8064-9915,143-9144,東京都豊島区東池袋1-4-20,株式会社オクト,373725000000000 ,5月26日,904245000000
351,松本 弘樹,まつもと ひろき,38,1982-11-28,男,A,matsumoto1128@example.org,049-888-5517,050-3475-7306,337-5241,埼玉県越谷市赤山町1-1-1009,有限会社伸栄,5131150000000000 ,5月25日,509345000000
352,久保寺 祐子,くぼでら ゆうこ,58,1962-11-1,女,AB,yuko_kubodera@example.net,082-284-8275,050-3694-0288,726-4775,広島県広島市西区庚午中3丁目1番地9号,株式会社ナカヤ,374518000000000 ,3月25日,150546000000
353,田鍋 恵,たなべ めぐみ,55,1966-8-4,女,B,megumitanabe@example.ne.jp,0576-45-1198,070-0139-2727,509-4930,岐阜県岐阜市河渡1-3-13,有限会社ヨコヤマ,4080410000000000 ,4月24日,315814000000
354,山口 薫,やまぐち かおる,54,1967-9-18,女,B,kaoru_yamaguchi@example.co.jp,022-183-6335,070-2726-3668,989-5169,宮城県仙台市太白区郡山2-2-308,有限会社ユニバーサル,5261760000000000 ,4月25日,660709000000
355,佐藤 訓,さとう くに,62,1959-8-20,男,B,satoshisato@example.co.jp,01635-5-5566,080-9139-5047,097-1610,北海道函館市日吉町3-4-18,,5340380000000000 ,6月25日,686183000000
356,山嵜 和也,やまざき かずや,49,1972-7-29,男,O,kazuya_yamazaki@example.ne.jp,095-989-8889,070-1079-1448,851-6521,長崎県長崎市西山1-2-1209,有限会社みやび,5436310000000000 ,10月25日,301639000000
357,若林 智広,わかばやし ともひろ,36,1985-5-21,男,O,wakabayashi_tomohiro@example.co.jp,0846-10-9331,090-2881-3981,725-2778,広島県福山市北本庄1丁目2番地8号,株式会社スギモト,5214960000000000 ,11月23日,680086000000
358,高橋 孝信,たかはし たかのぶ,29,1991-11-26,その他・不明,A,takanobu_takahashi@example.ne.jp,098-621-4789,090-7151-1314,904-8865,沖縄県沖縄市山内3丁目2番4号,有限会社ヤマザキ,4745550000000000 ,4月25日,438544000000
359,足利 郁恵,あしかが いくえ,40,1981-1-27,女,B,ashikagaikue@example.co.jp,03-6790-0353,050-9255-3274,125-3629,東京都新宿区高田馬場1丁目1番地10号,株式会社ラック,4046360000000000 ,2月25日,029698881257
360,渡辺 清,わたなべ きよし,52,1969-8-8,男,B,watanabe_88@example.co.jp,0568-72-1348,070-1926-4770,486-6521,愛知県常滑市本郷町1丁目3番10号,有限会社中村組,379057000000000 ,10月25日,568022000000
361,露木 浩平,つゆき こうへい,69,1951-12-7,男,B,tsuyuki127@example.com,0467-60-4841,090-0374-6218,223-3973,神奈川県横須賀市根岸町1-2-14,,371078000000000 ,1月22日,478097000000
362,江川 徹,えがわ とおる,32,1989-8-28,男,B,egawa_toru@example.jp,06-2123-0810,090-9369-5036,564-8925,大阪府大阪市淀川区西三国3-2-7,有限会社アイリス,372832000000000 ,5月25日,565578000000
363,石綿 雅紀,いしわた まさのり,66,1955-8-4,男,A,ishiwata84@example.net,0550-06-6164,070-6821-3850,434-1451,静岡県静岡市葵区新富町1丁目3番9号,,3581770000000000 ,1月24日,391929000000
364,市山 拓未,いちやま たくみ,73,1947-10-23,男,A,takumi_ichiyama@example.ne.jp,053-369-1233,090-4773-9471,414-4728,静岡県袋井市方丈2-1-6,,4355970000000000 ,11月21日,188008000000
365,高橋 万里子,たかはし まりこ,64,1956-11-7,女,B,takahashi_117@example.ne.jp,03-1575-9085,090-9928-7569,104-6071,東京都港区虎ノ門3-2-805,,378477000000000 ,7月23日,349952000000
366,堀 和己,ほり かずき,44,1977-10-16,男,O,hori_kazumi@example.net,011-648-5854,050-4528-2830,001-7992,北海道稚内市中央2-2-18,株式会社TKG,372868000000000 ,10月25日,348793000000
367,岩橋 雄大,いわはし たけひろ,54,1967-7-13,男,O,iwahashi_713@example.jp,03-9912-7690,070-3486-2795,151-2054,東京都江戸川区瑞江2丁目3番地4号,有限会社華,4920940000000000 ,1月26日,939982000000
368,大森 純子,おおもり じゅんこ,61,1959-12-14,女,A,junkoomori@example.com,0943-60-3877,050-7843-1507,803-8602,福岡県北九州市八幡西区折尾2-1-8,,4865000000000000 ,2月25日,155476000000
369,伊藤 公太郎,いとう こうたろう,26,1995-6-15,男,O,ito_615@example.ne.jp,03-4259-6691,080-9306-3158,192-3193,東京都杉並区高円寺南3-4-22,渡辺工業株式会社,5230670000000000 ,7月26日,985284000000
370,豊田 葉月,とよだ はづき,77,1944-5-15,女,A,toyoda_hazuki@example.org,045-912-1670,080-1550-8476,252-2867,神奈川県川崎市麻生区上麻生3-1-20,,370378000000000 ,12月23日,936803000000
371,山口 圭,やまぐち けい,20,2000-12-23,女,A,keiyamaguchi@example.ne.jp,0563-88-9599,090-7344-9219,447-2371,愛知県高浜市田戸町1-3-103,株式会社ケイ,3574500000000000 ,1月25日,340111000000
372,森本 佳代子,もりもと かよこ,75,1946-9-27,女,O,morimoto_927@example.com,01586-4-0734,050-9851-7111,075-4022,北海道小樽市幸1丁目2番9号,,3578330000000000 ,5月26日,750321000000
373,原田 秀孝,はらだ ひでたか,66,1955-3-1,男,A,haradahidetaka@example.net,04-8515-0660,070-1573-3409,266-8576,千葉県千葉市花見川区幕張本郷2-2-7,,4888100000000000 ,4月26日,472885000000
374,風間 真由子,かざま まゆこ,43,1978-7-22,女,B,kazamamayuko@example.jp,03-0341-5058,090-6250-9065,201-0887,東京都中野区上高田2-1-17,有限会社豊栄,3564830000000000 ,1月23日,926531000000
375,椿原 奈巳,つばきはら なみ,67,1954-6-23,女,A,tsubakiharanami@example.com,0791-08-4098,080-0782-2477,662-9120,兵庫県神戸市中央区下山手通3-1-10,,5595150000000000 ,10月23日,433621000000
376,田中 大司,たなか だいし,32,1989-10-17,男,O,daiji_tanaka@example.jp,06-1605-2681,080-7792-9959,579-3589,大阪府豊中市上新田2丁目1番地6号,株式会社アルテック,4793600000000000 ,8月25日,188674000000
377,増田 伸一,ますだ しんいち,51,1969-11-11,男,O,masuda_1111@example.com,03-8749-6536,070-1398-6371,178-4402,東京都文京区千石2-1-6,有限会社アイリス,375130000000000 ,12月25日,417081000000
378,福丸 誠,ふくまる まこと,33,1988-4-18,男,O,makoto_fukumaru@example.co.jp,03-1704-0631,070-7041-2568,168-5960,東京都港区赤坂4丁目2番9号,三和産業株式会社,370492000000000 ,5月22日,503397000000
379,吉田 篤彦,よしだ あつひこ,20,2001-4-23,男,O,yoshida_atsuhiko@example.co.jp,0531-48-6978,090-4957-3793,471-2800,愛知県名古屋市中区栄2-2-13,株式会社T＆K,370657000000000 ,9月26日,732205000000
380,如月 佳奈,きさらぎ かな,39,1982-7-11,女,A,kisaragi711@example.ne.jp,0771-13-1232,070-2091-7966,620-2340,京都府京都市東山区五条橋東4丁目2番地5号,株式会社キュービック,3554840000000000 ,12月25日,846398000000
381,和田 正,わだ ただし,50,1970-10-26,男,A,wada1026@example.jp,03-8241-1298,090-7542-2372,146-6478,東京都大田区蒲田4丁目2番8号,株式会社心,5441480000000000 ,10月22日,073607214899
382,佐藤 早織,さとう さおり,69,1952-3-20,女,B,saori_sato@example.jp,0566-01-8414,070-9604-6388,494-9676,愛知県大府市若草町1-2-10,,5409480000000000 ,4月25日,741881000000
383,森田 百合子,もりた ゆりこ,48,1972-11-20,女,B,moritayuriko@example.jp,03-6764-6362,090-4021-3887,114-2934,東京都世田谷区用賀3丁目3番3号,株式会社ヒロコーポレーション,4394900000000000 ,11月25日,750512000000
384,山辺 彰良,やまべ あきら,56,1965-1-26,男,A,yamabeakiyoshi@example.org,0532-23-1997,080-7256-3060,473-2455,愛知県稲沢市国府宮2-3-1001,有限会社フォーシーズン,5143100000000000 ,11月25日,936660000000
385,長谷川 俊輔,はせがわ しゅんすけ,49,1972-3-20,男,A,hasegawa_320@example.net,03-0215-3092,090-2562-2238,178-9300,東京都港区芝浦3-2-203,株式会社SKコーポレーション,379382000000000 ,5月23日,076305395184
386,林 康太,はやし こうた,65,1956-4-1,男,O,hayashikota@example.com,0561-84-4934,080-3859-3257,460-2047,愛知県名古屋市中村区長戸井町3丁目1番7号,,4851610000000000 ,11月21日,920523000000
387,荒川 幸彦,あらかわ ゆきひこ,38,1982-10-27,男,A,arakawa1027@example.net,03-3594-1018,070-0961-1102,195-6941,東京都世田谷区瀬田1丁目2番地7号,株式会社プラネット,5214390000000000 ,1月26日,563305000000
388,永瀬 直人,ながせ なおと,62,1959-6-18,男,B,nagase_naoto@example.ne.jp,03-8857-3368,080-5994-4777,123-6197,東京都世田谷区野沢1-3-18,,4193950000000000 ,3月24日,891370000000
389,福島 里美,ふくしま さとみ,65,1956-3-18,女,A,fukushima_satomi@example.org,084-568-3286,090-1894-7217,738-5064,広島県広島市佐伯区五日市中央2-5-19,,3569300000000000 ,5月26日,682337000000
390,佐藤 智史,さとう さとし,70,1951-3-9,男,A,sato_39@example.co.jp,0439-33-6034,070-6981-3626,277-1667,千葉県流山市おおたかの森西2-4-5,,5449220000000000 ,11月24日,523998000000
391,小松 敦子,こまつ あつこ,45,1976-4-10,女,B,atsukokomatsu@example.org,0146-63-3713,050-9039-6641,080-5248,北海道札幌市東区北三十五条東4丁目1番地8号,株式会社アルファ,5587110000000000 ,8月26日,912228000000
392,奥田 沙紀,おくだ さき,48,1973-10-8,女,A,okuda108@example.jp,0567-11-1447,050-0036-2190,442-1297,愛知県一宮市花池2丁目3番地7号,有限会社伊藤商事,379278000000000 ,1月22日,014011918973
393,神崎 隆史,かんざき たかし,41,1979-11-30,男,A,takashikanzaki@example.com,0126-19-8683,050-5093-1892,041-3156,北海道札幌市中央区大通西3-2-701,有限会社橋本工務店,379544000000000 ,7月23日,913911000000
394,永澤 裕也,ながさわ ゆうや,72,1949-9-2,男,B,yuya_nagasawa@example.net,049-676-0938,080-8683-0184,347-0870,埼玉県越谷市南越谷1-1-11,,5475470000000000 ,5月22日,754974000000
395,佐藤 健一,さとう けんいち,52,1969-3-24,男,A,kenichi_sato@example.jp,0223-97-1663,080-9383-8641,985-4462,宮城県仙台市青葉区一番町3-5-5,株式会社キクチ,370259000000000 ,7月23日,321440000000
396,西原 潤,にしはら じゆん,59,1961-11-22,男,A,junnishihara@example.com,03-6542-5273,050-9999-2643,160-7934,東京都文京区本郷2丁目1番地6号,株式会社マルミ,375740000000000 ,5月25日,049188181499
397,篠田 朋子,しのだ ともこ,64,1957-4-12,女,A,shinoda_tomoko@example.co.jp,03-7421-2197,050-3837-7538,129-1667,東京都港区南青山3-2-708,,4731330000000000 ,8月22日,350770000000
398,長瀬 寛之,ながせ ひろゆき,80,1941-4-21,男,O,hiroyuki_nagase@example.jp,03-6565-0857,080-1259-4724,204-4550,東京都中野区本町1-3-14,,372283000000000 ,7月25日,819129000000
399,横山 朋美,よこやま ともみ,50,1970-11-24,女,O,yokoyama_tomomi@example.jp,0794-12-9213,090-9010-9870,675-0713,兵庫県洲本市栄町4丁目1番3号,株式会社トーワ,371745000000000 ,8月25日,217213000000
400,田邉 晋作,たなべ しんさく,29,1992-5-24,男,A,tanabe_shinsaku@example.jp,0532-61-7340,050-3251-4443,489-8564,愛知県刈谷市広小路1丁目3番10号,有限会社アプト,370111000000000 ,4月23日,244575000000
401,砥上 直哉,とがみ なおや,52,1969-6-10,男,O,togami_naoya@example.net,0533-26-4698,090-5560-9315,467-1263,愛知県名古屋市東区矢田3-4-13,株式会社日商,372058000000000 ,1月23日,579853000000
402,樫村 翔平,かしむら しょうへい,74,1947-3-16,男,O,kashimura316@example.jp,03-5153-0596,070-9371-3294,153-1634,東京都世田谷区瀬田1丁目3番9号,,4800240000000000 ,5月24日,368016000000
403,前田 紗彩,まえだ さあや,75,1946-5-30,女,A,maeda530@example.co.jp,03-9780-3493,080-4846-0591,139-6069,東京都豊島区池袋2-3-1101,,378011000000000 ,6月24日,984568000000
404,樋口 浩二,ひぐち こうじ,61,1960-9-25,男,A,kojihiguchi@example.org,03-5403-6692,050-1533-4562,152-9301,東京都三鷹市中原2-1-709,,4266910000000000 ,5月24日,043256315840
405,伊吹 省吾,いぶき しょうご,51,1970-5-13,その他・不明,A,ibukishogo@example.org,03-6196-0292,080-4461-8330,122-3515,東京都渋谷区恵比寿3丁目2番5号,有限会社柴田商店,3555560000000000 ,6月23日,578953000000
406,西村 綾子,にしむら あやこ,35,1986-9-23,女,O,nishimuraayako@example.net,0798-26-8006,080-6568-8596,676-5213,兵庫県尼崎市南塚口町2丁目1番3号,株式会社クリエイション,5385440000000000 ,11月21日,260931000000
407,岡 幸治,おか こうじ,63,1958-3-30,男,B,oka_330@example.co.jp,0563-76-1533,090-0918-3482,463-9982,愛知県名古屋市西区城西1丁目1番地10号,,371458000000000 ,2月25日,206417000000
408,森野 真理子,もりの まりこ,77,1943-12-6,女,B,morino_mariko@example.net,0823-09-8801,070-6259-3685,726-0381,広島県広島市安佐南区緑井3-3-11,,3561940000000000 ,3月22日,708162000000
409,保田 春海,やすだ はるみ,52,1968-11-18,男,B,yasuda_1118@example.co.jp,03-3323-5268,090-1795-1193,112-6435,東京都港区六本木2-5-10,株式会社マルセイ,3585490000000000 ,8月24日,943475000000
410,寺田 侑樹,てらだ ゆうき,38,1983-8-22,その他・不明,B,terada822@example.org,06-6670-3096,070-5383-6579,548-4862,大阪府大阪市西成区南津守1丁目3番7号,株式会社佐藤工業,3572530000000000 ,5月25日,306343000000
411,福田 妙,ふくだ たえ,60,1961-7-4,女,O,taefukuda@example.com,0797-10-0677,080-0887-8643,654-3552,兵庫県神戸市須磨区磯馴町2丁目2番地7号,,3536680000000000 ,11月24日,739780000000
412,中島 佑樹,なかじま ゆうき,48,1973-9-11,男,A,nakajimayuki@example.org,03-0494-7117,080-6034-0505,182-0148,東京都港区虎ノ門2丁目2番9号,有限会社山本産業,5108530000000000 ,4月26日,128738000000
413,内山 悦子,うちやま えつこ,64,1957-7-30,女,B,etsuko_uchiyama@example.org,0930-09-1910,090-2001-7035,807-0089,福岡県糸島市加布里2丁目3番6号,,3530840000000000 ,3月22日,721387000000
414,伊藤 学,いとう まなぶ,38,1983-7-13,男,B,itomanabu@example.com,0493-83-4169,050-1840-8613,355-2476,埼玉県川口市前川町3-1-901,株式会社クライス,370370000000000 ,1月23日,006906607709
415,小松 強,こまつ つよし,46,1974-11-17,男,AB,komatsu_tsuyoshi@example.net,03-7505-8452,080-6614-4424,104-0472,東京都大田区上池台1丁目2番地8号,株式会社KMC,3550430000000000 ,8月22日,983428000000
416,藤井 真弓,ふじい まゆみ,39,1982-9-13,女,AB,fujii913@example.co.jp,0288-35-1363,070-1971-0339,328-8491,栃木県宇都宮市インターパーク3-1-508,株式会社サンフィールド,379900000000000 ,11月21日,959983000000
417,石川 正,いしかわ ただし,29,1991-12-25,男,A,ishikawa1225@example.co.jp,06-3215-3657,070-9914-7817,589-6681,大阪府大阪市生野区林寺4丁目3番地8号,株式会社ユナイテッド,5435710000000000 ,11月25日,348687000000
418,上田 宏幸,うえだ ひろゆき,74,1947-2-28,男,AB,uedahiroyuki@example.com,03-1435-3390,080-2144-4823,100-4867,東京都世田谷区鎌田2-2-12,,5386710000000000 ,11月23日,486574000000
419,小松 美智子,こまつ みちこ,80,1941-1-3,女,O,komatsu13@example.net,042-847-5222,090-4101-8060,331-3577,埼玉県鴻巣市本町3-2-706,,3561600000000000 ,7月23日,240291000000
420,木下 克彦,きのした かつひこ,69,1952-5-27,その他・不明,B,katsuhikokinoshita@example.com,0155-44-6119,080-0810-4562,094-9582,北海道中川郡本別町南1-1-15,,4300480000000000 ,6月25日,834878000000
421,廣田 隆之,ひろた たかゆき,61,1959-12-18,男,B,hirota_1218@example.org,06-8057-4600,070-6598-0649,590-4230,大阪府守口市佐太中町3丁目3番10号,,4069200000000000 ,3月24日,397173000000
422,宮本 龍太,みやもと りょうた,46,1975-2-13,男,O,ryuta_miyamoto@example.jp,0563-01-2173,050-8949-3520,466-7832,愛知県刈谷市神明町3-3-5,有限会社富士商事,5464350000000000 ,3月22日,801720000000
423,藤井 賢一,ふじい けんいち,56,1964-10-28,男,B,fujii_kenichi@example.org,0186-95-2235,090-1572-4089,013-0070,秋田県秋田市茨島3-1-1104,有限会社アドヴァンス,5367770000000000 ,1月24日,506402000000
424,大畑 雄介,おおはた ゆうすけ,56,1965-9-3,女,A,ohata_yusuke@example.ne.jp,03-8926-3431,070-9515-0668,126-1621,東京都江戸川区東葛西1-1-102,株式会社山口商店,3558130000000000 ,7月24日,371239000000
425,高木 ゆり子,たかぎ ゆりこ,60,1961-1-4,女,A,takagi14@example.com,0561-66-6035,050-0615-1069,479-9338,愛知県名古屋市中村区名駅1-5-14,,376192000000000 ,9月26日,991115000000
426,中山 光,なかやま ひかる,53,1968-10-15,男,B,nakayama_hikaru@example.jp,0136-42-1414,050-3846-3702,071-3750,北海道夕張郡栗山町中央4丁目3番地7号,株式会社トーヨー,3571780000000000 ,9月24日,735165000000
427,大塚 佳弘,おおつか よしひろ,58,1963-4-28,男,AB,yoshihirootsuka@example.ne.jp,03-7147-1121,080-4218-2591,186-3489,東京都渋谷区神宮前3-4-10,株式会社トーシン,4614240000000000 ,11月21日,467712000000
428,菊地 均,きくち ひとし,60,1961-4-9,男,A,kikuchi49@example.ne.jp,0493-60-3395,050-7315-1649,348-5963,埼玉県さいたま市中央区下落合1-4-1002,,3573840000000000 ,4月26日,926385000000
429,山代 裕子,やましろ ゆうこ,73,1947-11-14,女,A,yuko_yamashiro@example.org,03-8755-2374,090-8548-2589,151-4518,東京都中央区八丁堀3丁目3番5号,,370433000000000 ,5月25日,435009000000
430,鈴木 直子,すずき なおこ,78,1943-3-31,女,A,suzuki_331@example.com,0898-07-1795,090-2940-0863,798-4777,愛媛県新居浜市新須賀町2-3-906,,5477000000000000 ,5月23日,284421000000
431,野秋 利幸,のあき としゆき,68,1953-6-29,男,O,noakitoshiyuki@example.ne.jp,03-6199-2581,050-2464-4720,104-4945,東京都中野区江古田3-4-15,,375086000000000 ,6月26日,278784000000
432,鈴木 英一郎,すずき えいいちろう,49,1972-5-18,男,A,suzuki_eiichiro@example.org,0574-21-5109,090-3534-5804,506-2215,岐阜県多治見市幸町2-3-13,有限会社ダイキ,377828000000000 ,8月26日,140048000000
433,内田 康男,うちだ やすお,68,1952-11-19,男,B,uchida_1119@example.com,0772-36-6114,090-4860-5320,622-8621,京都府京都市東山区五条橋東4丁目2番地5号,,371964000000000 ,2月22日,670460000000
434,相川 絢子,あいかわ じゅんこ,27,1994-3-27,女,A,aikawa_327@example.org,055-830-1109,050-7913-3459,401-1078,山梨県韮崎市本町1丁目3番6号,小林工業株式会社,379971000000000 ,10月21日,546691000000
435,賀川 道子,かがわ みちこ,59,1962-7-19,女,A,kagawamichiko@example.ne.jp,0476-06-0360,070-4593-3038,292-3177,千葉県八千代市八千代台東2-5-19,株式会社オーキッド,371342000000000 ,6月24日,550579000000
436,石井 大輔,いしい だいすけ,65,1955-11-15,男,A,ishiidaisuke@example.net,06-3516-3380,090-9005-0579,541-6776,大阪府阪南市尾崎町2-5-18,,3572140000000000 ,10月24日,307734000000
437,馬場 満,ばば みちる,28,1993-4-10,男,O,babamitsuru@example.ne.jp,03-9648-4354,080-8170-9665,206-3475,東京都新宿区中落合2-4-15,株式会社東海,5209100000000000 ,3月25日,094869803604
438,小林 亮,こばやし りょう,54,1967-6-19,男,A,ryo_kobayashi@example.ne.jp,0295-99-1965,070-0276-6569,309-0806,茨城県牛久市ひたち野西1-3-22,株式会社藤建,379636000000000 ,10月25日,023031192560
439,高谷 祐子,たかや ゆうこ,45,1976-9-4,女,A,takaya94@example.co.jp,03-9878-5056,080-1100-2282,147-0590,東京都杉並区高円寺南1丁目1番6号,株式会社大伸,3579820000000000 ,4月25日,827987000000
440,西本 宏祐,にしもと ひろすけ,70,1951-8-28,男,B,nishimoto_kosuke@example.co.jp,06-7186-3819,080-5050-8125,593-3209,大阪府大阪市西区立売堀1丁目3番地8号,,5140990000000000 ,1月26日,979868000000
441,笠原 健一,かさはら けんいち,69,1951-12-16,男,O,kenichikasahara@example.net,046-840-6111,070-9451-4560,252-1040,神奈川県横浜市港北区樽町1丁目3番地10号,,4666800000000000 ,3月24日,507064000000
442,小林 太,こばやし ふとし,44,1977-9-1,その他・不明,AB,kobayashi91@example.org,03-7569-6004,080-0344-9954,177-4903,東京都昭島市朝日町3-2-7,株式会社パール,5157670000000000 ,6月22日,031928913760
443,木下 康史,きのした やすし,67,1954-1-19,男,A,yasushikinoshita@example.com,0532-40-5183,090-7740-1278,480-5359,愛知県名古屋市東区白壁3-1-7,,3546150000000000 ,6月24日,471004000000
444,横田 真一,よこた しんいち,29,1992-8-7,男,A,yokotashinichi@example.org,06-1687-5225,070-1546-8001,577-2949,大阪府大阪市阿倍野区昭和町3-1-3,有限会社パートナー,5134630000000000 ,12月24日,932922000000
445,駒野 美奈,こまの みな,60,1961-3-13,女,A,komanomina@example.ne.jp,03-3044-7670,070-0703-8743,156-0507,東京都八王子市台町1-1-21,,3538820000000000 ,1月23日,415912000000
446,金澤 博子,かなざわ ひろこ,67,1954-3-22,女,B,kanazawahiroko@example.jp,0943-77-9330,050-6369-3312,836-4209,福岡県春日市白水ヶ丘2-3-22,,4853960000000000 ,10月26日,325012000000
447,白倉 真希,しらくら まき,37,1984-5-28,女,B,maki_shirakura@example.org,01632-3-2085,070-4754-2446,083-5410,北海道札幌市豊平区西岡三条3丁目2番4号,株式会社サントラスト,5589140000000000 ,12月22日,389861000000
448,煙山 順子,けむりやま じゅんこ,21,2000-8-18,女,B,kemuriyama818@example.org,03-6892-7851,080-4130-7151,162-1856,東京都墨田区江東橋2-3-9,株式会社スパーク,3538910000000000 ,1月26日,306197000000
449,山口 知広,やまぐち ともひろ,44,1976-12-7,男,A,tomohiroyamaguchi@example.co.jp,03-4747-3607,050-2951-3856,130-0256,東京都板橋区舟渡3-5-1001,株式会社インプレス,3533390000000000 ,5月26日,492585000000
450,木屋 建太郎,きや けんたろう,72,1948-12-8,男,O,kiyakentaro@example.org,0465-21-7489,090-4570-0302,246-7054,神奈川県横浜市南区大岡4丁目1番6号,,3536150000000000 ,8月24日,530603000000
451,鈴木 寛,すずき ひろし,77,1944-9-15,男,B,suzuki_915@example.ne.jp,0267-91-5205,050-2667-5761,397-3427,長野県飯田市通り町2-4-20,,4052420000000000 ,7月26日,635542000000
452,桑野 義範,くわの よしのり,46,1975-5-13,男,A,kuwano_yoshinori@example.net,03-7447-6295,070-4054-0287,181-8335,東京都八王子市明神町1-4-1003,有限会社菊屋,4707010000000000 ,1月26日,115912000000
453,田中 澄子,たなか すみこ,75,1946-2-22,女,A,tanaka_222@example.org,0877-05-5167,090-8813-6842,765-8849,香川県高松市番町1-3-10,,5472440000000000 ,12月22日,039170078539
454,高木 洋士,たかぎ ひろし,43,1978-3-23,男,A,takagi_hiroshi@example.ne.jp,0948-04-2668,080-3036-2097,834-6771,福岡県糟屋郡新宮町上府北2-3-7,株式会社真栄,3548120000000000 ,10月24日,133654000000
455,藤原 久雄,ふじわら ひさお,46,1975-5-7,男,A,fujiwara_hisao@example.org,0137-49-1230,090-9094-4304,046-5228,北海道札幌市豊平区豊平一条2-3-509,株式会社ハンズ,4245070000000000 ,8月26日,059188406607
456,中尾 えりか,なかお えりか,59,1962-7-25,女,B,erikanakao@example.net,03-9399-5149,090-9304-8163,130-1539,東京都世田谷区上北沢2丁目1番地10号,有限会社サンクス,3552160000000000 ,12月24日,552071000000
457,吉沢 ゆい,よしざわ ゆい,61,1960-5-7,その他・不明,A,yoshizawa_57@example.net,0555-00-6822,050-7828-8220,409-0453,山梨県甲府市千塚1-1-7,,3542450000000000 ,12月23日,494587000000
458,谷口 浩人,たにぐち ひろと,29,1991-10-24,男,O,taniguchi_hiroto@example.net,0948-44-2038,090-7581-3980,830-9659,福岡県福岡市中央区那の津1-2-13,株式会社グロース,3550880000000000 ,8月22日,921526000000
459,谷口 繁,たにぐち しげる,71,1950-4-13,男,A,taniguchishigeru@example.jp,0568-77-2126,090-6097-3905,472-7768,愛知県名古屋市南区豊3丁目1番7号,,4328580000000000 ,9月23日,438553000000
460,梅原 聡子,うめはら さとこ,33,1988-3-4,女,A,umehara34@example.com,06-0302-8425,080-3157-9721,577-5557,大阪府大阪市浪速区日本橋3-3-12,有限会社グロウ,3545200000000000 ,3月24日,564360000000
461,荒井 武,あらい たける,65,1956-3-4,男,A,takeshi_arai@example.jp,03-5005-3114,090-1459-2997,109-6849,東京都武蔵野市八幡町1-5-9,,373341000000000 ,11月24日,898360000000
462,安 竜也,やす たつや,79,1942-8-5,男,A,tatsuyayasu@example.co.jp,0852-25-0755,090-5202-1644,696-4366,島根県松江市浜乃木3-1-6,,4126710000000000 ,12月23日,449306000000
463,田口 康晴,たぐち やすはる,40,1981-8-9,男,A,taguchi_yasuharu@example.com,0493-43-7667,070-5994-1904,334-2271,埼玉県戸田市新曽南1丁目3番4号,株式会社井上工業,372803000000000 ,5月23日,366317000000
464,棚橋 浩史,たなはし ひろし,69,1951-12-17,男,O,hiroshitanahashi@example.co.jp,0495-82-9159,070-0302-9083,336-6683,埼玉県さいたま市浦和区北浦和3-1-12,,4941120000000000 ,4月22日,248421000000
465,吉崎 栄二,よしざき えいじ,76,1944-12-6,男,AB,eijiyoshizaki@example.org,055-236-5595,090-2956-1649,408-1453,山梨県甲府市住吉1-5-14,,5132000000000000 ,11月22日,796029000000
466,松山 有希子,まつやま ゆきこ,32,1988-12-16,女,B,matsuyama1216@example.co.jp,0476-15-0518,080-9298-2763,287-8256,千葉県浦安市富岡4丁目1番8号,三協商事株式会社,3573090000000000 ,12月22日,867513000000
467,佐藤 大樹,さとう たいき,76,1945-7-21,男,A,daikisato@example.com,03-3224-4219,080-7561-4541,172-6187,東京都港区南麻布3-4-19,,4414330000000000 ,7月25日,700616000000
468,山本 好伸,やまもと よしのぶ,41,1980-5-5,男,A,yoshinobu_yamamoto@example.net,0136-37-5059,090-3751-8931,045-6955,北海道苫小牧市美園町1-2-17,有限会社エイテック,3537660000000000 ,4月23日,272947000000
469,坂井 周一,さかい しゅういち,69,1952-3-6,男,B,shuichisakai@example.org,0466-16-4901,050-4478-8023,218-8697,神奈川県秦野市千村3-4-8,,5291150000000000 ,10月22日,194908000000
470,古賀 貴士,こが たかし,54,1967-3-10,男,A,takashi_koga@example.org,03-5024-0537,050-9423-8941,110-0005,東京都品川区二葉1-5-1004,株式会社田中工務店,5563590000000000 ,7月26日,562265000000
471,本田 泰志,ほんだ やすし,72,1948-10-21,男,AB,honda1021@example.org,0790-88-6712,080-7526-1761,677-3309,兵庫県神戸市中央区相生町3-3-13,,5167030000000000 ,9月26日,138405000000
472,増田 かよ,ますだ かよ,80,1941-5-19,女,A,kayo_masuda@example.jp,0247-62-6739,050-5855-4638,964-3093,福島県会津若松市柳原町2-5-16,,372492000000000 ,9月23日,401111000000
473,長浜 友和,ながはま ともかず,52,1969-2-8,男,O,nagahama_28@example.org,078-364-3050,070-7408-8602,664-6826,兵庫県神戸市中央区布引町2-1-20,株式会社レジェンド,4470540000000000 ,7月22日,086535803570
474,青空 憲司,あおぞら けんじ,58,1962-11-16,男,AB,aozora_1116@example.net,03-9712-1721,050-3368-5775,105-6884,東京都墨田区錦糸3-5-809,株式会社グロー,5361690000000000 ,5月23日,356322000000
475,沼口 貴幸,ぬまぐち たかゆき,77,1944-5-19,男,B,numaguchi_519@example.ne.jp,0968-00-3015,080-1620-7310,864-4731,熊本県熊本市東区長嶺東3-1-8,,3577420000000000 ,8月25日,257889000000
476,山下 基,やました もとい,78,1943-3-16,男,B,yamashita_316@example.net,03-3159-2116,080-4930-1035,135-2378,東京都品川区荏原1-1-1203,,372297000000000 ,12月25日,431817000000
477,黒木 陽子,くろき ようこ,80,1941-8-27,女,B,kuroki_yoko@example.org,0494-77-5598,050-4070-1720,362-0818,埼玉県新座市栗原1-3-18,,4019590000000000 ,3月22日,602875000000
478,櫛引 昭弘,くしびき あきひろ,61,1960-9-8,男,B,akihiro_kushibiki@example.jp,0466-59-2208,050-7910-8046,225-9702,神奈川県横浜市中区弥生町1-1-8,,3556100000000000 ,1月23日,562722000000
479,菊島 綾乃,きくしま あやの,36,1985-10-1,女,A,kikushima_ayano@example.com,0846-95-3565,090-5986-7764,720-9427,広島県広島市西区高須台1-2-19,株式会社創栄,371011000000000 ,4月22日,883617000000
480,浜野 一紘,はまの かずひろ,30,1991-5-19,男,O,hamano_519@example.net,01397-5-0783,080-4407-2291,086-9762,北海道北広島市中央4丁目3番9号,株式会社ニューテック,5208960000000000 ,3月24日,750710000000
481,松井 麻美,まつい あさみ,49,1972-5-5,その他・不明,O,matsui55@example.jp,0790-56-5462,070-8420-3898,650-7320,兵庫県神戸市垂水区つつじが丘1-1-5,有限会社アイ・コーポレーション,3571450000000000 ,6月23日,857602000000
482,五十嵐 洋一,いがらし よういち,34,1986-12-15,男,O,yoichi_igarashi@example.com,0574-91-2707,050-8295-5951,502-7758,岐阜県各務原市蘇原六軒町2-2-4,株式会社加藤組,4315230000000000 ,4月24日,342426000000
483,高井 幹也,たかい みきや,33,1988-9-27,男,A,takaimikiya@example.jp,0746-11-6987,080-1771-4891,634-6440,奈良県奈良市南紀寺町3丁目2番4号,有限会社旭屋,378759000000000 ,9月23日,544254000000
484,武部 厚史,たけべ あつし,44,1977-2-5,男,B,takebe_atsushi@example.net,0167-61-7678,090-4361-8820,081-5329,北海道札幌市白石区菊水七条1-1-9,株式会社トーヨー,4398750000000000 ,9月24日,865048000000
485,杉本 翔平,すぎもと しょうへい,47,1974-9-3,男,A,sugimoto_93@example.com,03-7715-6909,090-5006-3732,161-2539,東京都葛飾区小菅3丁目2番地5号,株式会社ライフワーク,378285000000000 ,8月25日,757236000000
486,栗原 典子,くりはら のりこ,39,1982-5-20,女,B,kurihara_noriko@example.co.jp,06-8219-9739,090-5157-3496,547-3183,大阪府大阪市淀川区西中島1-2-18,株式会社サンフラワー,4383230000000000 ,12月25日,576909000000
487,森 謙二,もり けんじ,49,1972-10-7,男,B,kenji_mori@example.co.jp,03-8383-3818,070-9256-9211,123-0885,東京都新宿区四谷3丁目1番地8号,有限会社シャルム,3573940000000000 ,3月23日,308075000000
488,玉城 拓也,たまき たくや,75,1946-2-21,男,AB,takuyatamaki@example.org,0532-56-9690,080-5155-0959,493-2236,愛知県名古屋市西区中小田井3-2-22,,5262750000000000 ,12月24日,320278000000
489,松重 徹,まつしげ とおる,71,1950-9-5,男,O,matsushige_toru@example.org,0495-73-8620,070-6817-5071,340-7048,埼玉県川越市砂新田4丁目3番6号,,4260950000000000 ,5月22日,038296510570
490,菅原 知弘,すがわら ともひろ,58,1963-1-4,男,AB,sugawara_tomohiro@example.jp,01654-8-3302,080-6584-5430,079-6437,北海道札幌市白石区南郷通1-3-18,有限会社マルタカ,3538010000000000 ,4月23日,311693000000
491,上田 猛,うえだ もう,71,1950-10-5,男,A,takeshi_ueda@example.net,0256-32-7326,070-5051-0819,941-4013,新潟県新発田市中央町2-1-20,,4099150000000000 ,8月26日,200058000000
492,三好 公嗣,みよし こうじ,40,1981-8-16,男,O,miyoshi816@example.org,0795-90-0703,050-0763-2742,668-3379,兵庫県神戸市灘区大内通1丁目2番地10号,株式会社Rise,4069060000000000 ,6月26日,258412000000
493,中島 美紀,なかじま みき,37,1984-10-10,女,B,nakajimamiki@example.org,03-4814-6639,080-9778-3249,123-6578,東京都中央区築地1-1-9,株式会社ダックス,4856270000000000 ,12月25日,658442000000
494,岡部 里佳,おかべ りか,70,1950-12-29,女,A,okaberika@example.com,0229-00-4366,050-7272-3157,984-1056,宮城県仙台市太白区郡山1-4-11,,5575650000000000 ,3月23日,305688000000
495,松井 美奈,まつい みな,42,1979-9-27,女,O,matsuimina@example.net,0176-63-4827,080-8746-9082,037-9354,青森県八戸市下長3-4-9,株式会社コーシン,3582410000000000 ,5月24日,367869000000
496,佐々木 大輔,ささき だいすけ,28,1993-1-22,男,A,sasaki_122@example.net,0946-66-3873,070-1096-2250,808-9498,福岡県福岡市博多区博多駅南2-4-1201,株式会社日栄,371386000000000 ,11月23日,866814000000
497,藤森 沙織,ふじもり さおり,34,1987-3-3,その他・不明,AB,fujimori33@example.com,0532-15-0373,070-6826-0171,482-1069,愛知県名古屋市中川区中島新町1丁目2番地4号,有限会社サクシード,378382000000000 ,6月26日,241845000000
498,齋藤 毅,さいとう たかし,65,1956-7-23,男,A,saito723@example.com,0742-67-8996,090-2706-4970,631-6102,奈良県奈良市登美ヶ丘3丁目2番地6号,,372428000000000 ,10月22日,511766000000
499,折田 芳史,おりた よしふみ,44,1977-4-9,その他・不明,O,orita_49@example.net,03-6410-4141,070-1373-5717,150-3444,東京都世田谷区弦巻3-5-8,株式会社秀栄,5575630000000000 ,10月25日,202901000000
500,長崎 正,ながさき ただし,24,1997-6-17,男,A,nagasaki_tadashi@example.ne.jp,0480-47-0223,070-7154-8581,344-9287,埼玉県川口市上青木西2丁目1番9号,株式会社ナカシマ,5432840000000000 ,12月21日,307513000000
501,梶野 正裕,かじの まさひろ,38,1983-2-26,男,B,masahiro_kajino@example.net,0156-35-0873,050-9636-8281,007-4542,北海道小樽市稲穂1-1-22,株式会社中村,5409440000000000 ,9月22日,263362000000
502,山下 尚美,やました なおみ,50,1971-5-6,女,A,yamashita_naomi@example.ne.jp,03-7377-6851,080-0409-2154,196-4501,東京都港区南麻布1丁目3番5号,株式会社アックス,378943000000000 ,7月24日,822310000000
